pair_id,category,ground_truth,sim,threshold,decision,correct,decision_margin,confidence_label,qualityA,qualityB,top_support_gray,top_conflict_gray,evidence_balance,spearman_rho,align_ok,parsing_ok,part_signals_ok,error
hda_m_001,male_impostor,nonmatch,0.24954243004322052,0.3148266077041626,non-match,Y,-0.06528417766094208,medium,23.964569091796875,21.648086547851562,-,skin,-0.22478994727134705,0.7857142857142857,True,True,True,
hda_m_002,male_impostor,nonmatch,0.1305633783340454,0.3148266077041626,non-match,Y,-0.1842632293701172,high,24.71170425415039,20.14000129699707,l_eye,skin,-0.023975595831871033,0.47619047619047616,True,True,True,
hda_m_003,male_impostor,nonmatch,0.13027295470237732,0.3148266077041626,non-match,Y,-0.18455365300178528,high,22.37285041809082,21.724395751953125,hair,skin,-0.15643287356942892,0.5357142857142857,True,True,True,
hda_m_004,male_impostor,nonmatch,0.24085602164268494,0.3148266077041626,non-match,Y,-0.07397058606147766,medium,16.8034610748291,19.36629867553711,mouth,skin,-0.2202101070433855,-0.08571428571428572,True,True,True,
hda_m_005,male_impostor,nonmatch,-0.00995679385960102,0.3148266077041626,non-match,Y,-0.3247834015637636,high,17.814306259155273,21.27174949645996,skin,r_eye,0.02807610761374235,0.38095238095238093,True,True,True,
hda_m_006,male_impostor,nonmatch,0.23785261809825897,0.3148266077041626,non-match,Y,-0.07697398960590363,medium,10.770648002624512,18.170764923095703,mouth,skin,-0.18964295461773872,0.7714285714285715,True,True,True,
hda_m_007,male_impostor,nonmatch,0.16331754624843597,0.3148266077041626,non-match,Y,-0.15150906145572662,high,18.876750946044922,20.07623863220215,l_eye,skin,-0.040898263454437256,0.42857142857142855,True,True,True,
hda_m_008,male_impostor,nonmatch,0.11323563754558563,0.3148266077041626,non-match,Y,-0.20159097015857697,high,23.0662899017334,20.323606491088867,nose,hair,0.011805959045886993,-0.2857142857142857,True,True,True,
hda_m_009,male_impostor,nonmatch,0.0715188980102539,0.3148266077041626,non-match,Y,-0.2433077096939087,high,21.90673065185547,23.069753646850586,l_brow,r_brow,-0.029957646504044533,0.5,True,True,True,
hda_m_010,male_impostor,nonmatch,0.06556673347949982,0.3148266077041626,non-match,Y,-0.24925987422466278,high,21.406309127807617,22.118558883666992,nose,skin,-0.038723541889339685,0.9285714285714286,True,True,True,
hda_m_011,male_impostor,nonmatch,0.24287497997283936,0.3148266077041626,non-match,Y,-0.07195162773132324,medium,23.31867027282715,22.27945327758789,-,hair,-0.28867995738983154,-0.11904761904761904,True,True,True,
hda_m_012,male_impostor,nonmatch,0.0767870545387268,0.3148266077041626,non-match,Y,-0.2380395531654358,high,16.436275482177734,22.302650451660156,skin,hair,0.04216421116143465,0.0,True,True,True,
hda_m_013,male_impostor,nonmatch,0.06811074912548065,0.3148266077041626,non-match,Y,-0.24671585857868195,high,19.014415740966797,21.109779357910156,skin,mouth,-0.03423701133579016,0.023809523809523808,True,True,True,
hda_m_014,male_impostor,nonmatch,0.21124455332756042,0.3148266077041626,non-match,Y,-0.10358205437660217,medium,22.058862686157227,21.3630428314209,r_brow,skin,-0.19891496980562806,0.6,True,True,True,
hda_m_015,male_impostor,nonmatch,0.061072275042533875,0.3148266077041626,non-match,Y,-0.2537543326616287,high,25.51201820373535,21.550678253173828,hair,nose,-0.00430908752605319,0.8809523809523809,True,True,True,
hda_m_016,male_impostor,nonmatch,0.13886050879955292,0.3148266077041626,non-match,Y,-0.17596609890460968,high,24.461898803710938,20.362667083740234,r_eye,skin,-0.06431056559085846,0.5476190476190477,True,True,True,
hda_m_017,male_impostor,nonmatch,0.16913625597953796,0.3148266077041626,non-match,Y,-0.14569035172462463,medium,23.820798873901367,20.212722778320312,mouth,skin,-0.055070821195840836,0.9,True,True,True,
hda_m_018,male_impostor,nonmatch,0.08746477216482162,0.3148266077041626,non-match,Y,-0.22736183553934097,high,13.187007904052734,24.095470428466797,nose,skin,-0.0438140113838017,0.9285714285714286,True,True,True,
hda_m_019,male_impostor,nonmatch,0.10323067754507065,0.3148266077041626,non-match,Y,-0.21159593015909195,high,24.10595703125,15.689163208007812,mouth,hair,-0.050215134397149086,0.2,True,True,True,
hda_m_020,male_impostor,nonmatch,0.09629104286432266,0.3148266077041626,non-match,Y,-0.21853556483983994,high,18.572446823120117,20.626392364501953,nose,skin,-0.025948258116841316,0.7619047619047619,True,True,True,
hda_m_021,male_impostor,nonmatch,0.17048050463199615,0.3148266077041626,non-match,Y,-0.14434610307216644,medium,19.80145263671875,19.61066246032715,mouth,skin,-0.18282684311270714,0.9047619047619048,True,True,True,
hda_m_022,male_impostor,nonmatch,0.19723209738731384,0.3148266077041626,non-match,Y,-0.11759451031684875,medium,23.081804275512695,23.481786727905273,nose,skin,-0.049447014927864075,0.3142857142857143,True,True,True,
hda_m_023,male_impostor,nonmatch,0.07274335622787476,0.3148266077041626,non-match,Y,-0.24208325147628784,high,21.881271362304688,20.301393508911133,r_brow,nose,-0.14000327419489622,0.0,True,True,True,
hda_m_024,male_impostor,nonmatch,0.2615969181060791,0.3148266077041626,non-match,Y,-0.053229689598083496,medium,22.699384689331055,22.20552635192871,-,r_brow,-0.23271599411964417,0.7380952380952381,True,True,True,
hda_m_025,male_impostor,nonmatch,0.09513872861862183,0.3148266077041626,non-match,Y,-0.21968787908554077,high,23.291383743286133,20.572038650512695,-,skin,-0.16764420829713345,0.19047619047619047,True,True,True,
hda_m_026,male_impostor,nonmatch,0.2687842547893524,0.3148266077041626,non-match,Y,-0.04604235291481018,low,21.185455322265625,21.62765884399414,r_brow,skin,-0.19747132435441017,0.7714285714285715,True,True,True,
hda_m_027,male_impostor,nonmatch,0.18243995308876038,0.3148266077041626,non-match,Y,-0.13238665461540222,medium,21.36275291442871,22.107086181640625,nose,skin,-0.10670676454901695,0.7714285714285715,True,True,True,
hda_m_028,male_impostor,nonmatch,0.7309157252311707,0.3148266077041626,match,N,0.41608911752700806,high,20.17608070373535,20.28084945678711,skin,-,0.731980212032795,0.8928571428571429,True,True,True,
hda_m_029,male_impostor,nonmatch,0.040339890867471695,0.3148266077041626,non-match,Y,-0.2744867168366909,high,20.19369888305664,22.698558807373047,r_brow,skin,0.0011125002056360245,-0.14285714285714285,True,True,True,
hda_m_030,male_impostor,nonmatch,0.2361580729484558,0.3148266077041626,non-match,Y,-0.07866853475570679,medium,22.553314208984375,23.45530128479004,mouth,skin,-0.14720219373703003,0.6,True,True,True,
hda_m_031,male_impostor,nonmatch,0.06342810392379761,0.3148266077041626,non-match,Y,-0.251398503780365,high,18.770437240600586,21.741601943969727,nose,skin,-0.06798677146434784,-0.6,True,True,True,
hda_m_032,male_impostor,nonmatch,0.2719145119190216,0.3148266077041626,non-match,Y,-0.04291209578514099,low,22.100753784179688,21.443571090698242,hair,skin,-0.1903032474219799,0.8285714285714286,True,True,True,
hda_m_033,male_impostor,nonmatch,0.02673688903450966,0.3148266077041626,non-match,Y,-0.28808971866965294,high,20.932668685913086,20.5511474609375,r_brow,hair,0.006638034246861935,0.6,True,True,True,
hda_m_034,male_impostor,nonmatch,0.16337110102176666,0.3148266077041626,non-match,Y,-0.15145550668239594,high,19.278804779052734,19.250560760498047,skin,hair,-0.051840148866176605,0.21428571428571427,True,True,True,
hda_m_035,male_impostor,nonmatch,0.24659386277198792,0.3148266077041626,non-match,Y,-0.06823274493217468,medium,22.880199432373047,22.138521194458008,l_eye,skin,-0.20488813892006874,0.5357142857142857,True,True,True,
hda_m_036,male_impostor,nonmatch,0.21472446620464325,0.3148266077041626,non-match,Y,-0.10010214149951935,medium,20.43001937866211,21.421295166015625,l_eye,skin,-0.1632799543440342,0.8333333333333334,True,True,True,
hda_m_037,male_impostor,nonmatch,0.26427316665649414,0.3148266077041626,non-match,Y,-0.05055344104766846,medium,19.343164443969727,19.89010238647461,r_eye,skin,-0.19989025592803955,0.8571428571428571,True,True,True,
hda_m_038,male_impostor,nonmatch,0.1334543228149414,0.3148266077041626,non-match,Y,-0.1813722848892212,high,21.406309127807617,26.450393676757812,l_brow,nose,-0.0666754562407732,0.8928571428571429,True,True,True,
hda_m_039,male_impostor,nonmatch,0.3926507830619812,0.3148266077041626,match,N,0.0778241753578186,medium,21.41724967956543,22.68385124206543,skin,mouth,0.25943414866924286,0.8285714285714286,True,True,True,
hda_m_040,male_impostor,nonmatch,0.2118484079837799,0.3148266077041626,non-match,Y,-0.10297819972038269,medium,23.166973114013672,20.166913986206055,-,hair,-0.11702330410480499,0.08571428571428572,True,True,True,
hda_m_041,male_impostor,nonmatch,0.13719898462295532,0.3148266077041626,non-match,Y,-0.17762762308120728,high,21.410730361938477,15.0409574508667,mouth,skin,-0.11285659670829773,0.6,True,True,True,
hda_m_042,male_impostor,nonmatch,0.4302673041820526,0.3148266077041626,match,N,0.11544069647789001,medium,21.185455322265625,19.488361358642578,skin,nose,0.3056349530816078,0.5428571428571428,True,True,True,
hda_m_043,male_impostor,nonmatch,0.1677946001291275,0.3148266077041626,non-match,Y,-0.1470320075750351,medium,16.022804260253906,17.607759475708008,mouth,skin,-0.11245417967438698,0.09523809523809523,True,True,True,
hda_m_044,male_impostor,nonmatch,0.1124456524848938,0.3148266077041626,non-match,Y,-0.2023809552192688,high,19.426015853881836,25.326801300048828,hair,nose,-0.08009067177772522,0.6904761904761905,True,True,True,
hda_m_045,male_impostor,nonmatch,0.17778031527996063,0.3148266077041626,non-match,Y,-0.13704629242420197,medium,20.441587448120117,22.778310775756836,nose,hair,-0.09226416423916817,0.6,True,True,True,
hda_m_046,male_impostor,nonmatch,0.18684595823287964,0.3148266077041626,non-match,Y,-0.12798064947128296,medium,19.25836181640625,16.338130950927734,hair,skin,-0.09375877864658833,0.8857142857142857,True,True,True,
hda_m_047,male_impostor,nonmatch,0.3807096481323242,0.3148266077041626,match,N,0.06588304042816162,medium,20.697162628173828,20.188020706176758,skin,l_brow,0.5258841402828693,0.7142857142857143,True,True,True,
hda_m_048,male_impostor,nonmatch,0.061744533479213715,0.3148266077041626,non-match,Y,-0.2530820742249489,high,10.71582317352295,20.22746467590332,nose,hair,0.010629155673086643,-0.9,True,True,True,
hda_m_049,male_impostor,nonmatch,0.2583487927913666,0.3148266077041626,non-match,Y,-0.05647781491279602,medium,14.105720520019531,19.928983688354492,r_eye,skin,-0.15298189222812653,0.1,True,True,True,
hda_m_050,male_impostor,nonmatch,0.19183000922203064,0.3148266077041626,non-match,Y,-0.12299659848213196,medium,15.608488082885742,18.3465518951416,hair,skin,-0.07947489619255066,0.1,True,True,True,
hda_m_051,male_impostor,nonmatch,0.21193118393421173,0.3148266077041626,non-match,Y,-0.10289542376995087,medium,21.891281127929688,17.061004638671875,r_brow,skin,-0.2023105751723051,0.9761904761904762,True,True,True,
hda_m_052,male_impostor,nonmatch,0.22648750245571136,0.3148266077041626,non-match,Y,-0.08833910524845123,medium,19.064550399780273,21.31123924255371,-,skin,-0.1988768633455038,0.4857142857142857,True,True,True,
hda_m_053,male_impostor,nonmatch,0.22815415263175964,0.3148266077041626,non-match,Y,-0.08667245507240295,medium,15.851388931274414,21.02660369873047,nose,skin,-0.24284809827804565,0.9761904761904762,True,True,True,
hda_m_054,male_impostor,nonmatch,0.33115750551223755,0.3148266077041626,match,N,0.01633089780807495,low,22.76739501953125,22.046857833862305,skin,r_brow,0.3678695522248745,0.5714285714285714,True,True,True,
hda_m_055,male_impostor,nonmatch,0.38972723484039307,0.3148266077041626,match,N,0.07490062713623047,medium,18.701467514038086,17.168861389160156,skin,-,0.47021414153277874,0.42857142857142855,True,True,True,
hda_m_056,male_impostor,nonmatch,0.09924319386482239,0.3148266077041626,non-match,Y,-0.2155834138393402,high,22.600509643554688,17.6514949798584,mouth,skin,-0.08303191885352135,0.6428571428571429,True,True,True,
hda_m_057,male_impostor,nonmatch,0.07949618250131607,0.3148266077041626,non-match,Y,-0.23533042520284653,high,21.963111877441406,19.298580169677734,r_eye,skin,-0.04911377094686031,0.6428571428571429,True,True,True,
hda_m_058,male_impostor,nonmatch,0.18883094191551208,0.3148266077041626,non-match,Y,-0.1259956657886505,medium,23.703956604003906,23.512264251708984,-,skin,-0.22356525994837284,-0.14285714285714285,True,True,True,
hda_m_059,male_impostor,nonmatch,0.12701494991779327,0.3148266077041626,non-match,Y,-0.18781165778636932,high,22.692556381225586,24.8654727935791,nose,skin,-0.07419217191636562,0.09523809523809523,True,True,True,
hda_m_060,male_impostor,nonmatch,0.24562236666679382,0.3148266077041626,non-match,Y,-0.06920424103736877,medium,21.03902244567871,24.8654727935791,mouth,skin,-0.21674644201993942,0.23809523809523808,True,True,True,
hda_m_061,male_impostor,nonmatch,0.0562034472823143,0.3148266077041626,non-match,Y,-0.2586231604218483,high,24.05786895751953,24.28737449645996,r_brow,skin,-0.025002136826515198,0.8333333333333334,True,True,True,
hda_m_062,male_impostor,nonmatch,0.1483801156282425,0.3148266077041626,non-match,Y,-0.1664464920759201,high,21.661855697631836,25.829130172729492,nose,r_brow,-0.009206168353557587,0.47619047619047616,True,True,True,
hda_m_063,male_impostor,nonmatch,0.10313159972429276,0.3148266077041626,non-match,Y,-0.21169500797986984,high,26.783985137939453,24.369144439697266,mouth,nose,-0.034738512709736824,0.16666666666666666,True,True,True,
hda_m_064,male_impostor,nonmatch,0.08672262728214264,0.3148266077041626,non-match,Y,-0.22810398042201996,high,21.741188049316406,26.195852279663086,nose,skin,-0.03586210450157523,0.35714285714285715,True,True,True,
hda_m_065,male_impostor,nonmatch,0.2996275722980499,0.3148266077041626,non-match,Y,-0.015199035406112671,low,22.1314754486084,21.912960052490234,nose,skin,-0.2766440808773041,0.6428571428571429,True,True,True,
hda_m_066,male_impostor,nonmatch,0.04018809273838997,0.3148266077041626,non-match,Y,-0.27463851496577263,high,21.59315299987793,21.833118438720703,nose,skin,-0.03660688083618879,0.8928571428571429,True,True,True,
hda_m_067,male_impostor,nonmatch,0.3789578080177307,0.3148266077041626,match,N,0.06413120031356812,medium,22.913597106933594,18.847469329833984,skin,r_brow,0.36379023268818855,0.7619047619047619,True,True,True,
hda_m_068,male_impostor,nonmatch,0.07608862221240997,0.3148266077041626,non-match,Y,-0.23873798549175262,high,22.718461990356445,23.066181182861328,skin,hair,-0.029040709137916565,0.5357142857142857,True,True,True,
hda_m_069,male_impostor,nonmatch,0.1529124230146408,0.3148266077041626,non-match,Y,-0.1619141846895218,high,21.05903434753418,18.91957664489746,skin,hair,0.040504563599824905,0.4,True,True,True,
hda_m_070,male_impostor,nonmatch,0.21038836240768433,0.3148266077041626,non-match,Y,-0.10443824529647827,medium,23.40667152404785,20.301591873168945,mouth,skin,-0.0981440469622612,0.42857142857142855,True,True,True,
hda_m_071,male_impostor,nonmatch,0.15251672267913818,0.3148266077041626,non-match,Y,-0.16230988502502441,high,22.293333053588867,20.344322204589844,l_brow,skin,-0.1916176313534379,-0.10714285714285714,True,True,True,
hda_m_072,male_impostor,nonmatch,0.2836129665374756,0.3148266077041626,non-match,Y,-0.03121364116668701,low,19.100318908691406,19.778549194335938,hair,skin,-0.3306268397718668,0.9285714285714286,True,True,True,
hda_m_073,male_impostor,nonmatch,0.10698376595973969,0.3148266077041626,non-match,Y,-0.2078428417444229,high,16.736351013183594,23.616403579711914,hair,skin,-0.18656689394265413,0.08571428571428572,True,True,True,
hda_m_074,male_impostor,nonmatch,0.18006417155265808,0.3148266077041626,non-match,Y,-0.13476243615150452,medium,22.831300735473633,14.673839569091797,r_eye,skin,-0.12896025739610195,0.6,True,True,True,
hda_m_075,male_impostor,nonmatch,0.3496688902378082,0.3148266077041626,match,N,0.03484228253364563,low,20.950727462768555,17.660646438598633,skin,l_eye,0.2591612786054611,0.30952380952380953,True,True,True,
hda_m_076,male_impostor,nonmatch,0.13459891080856323,0.3148266077041626,non-match,Y,-0.18022769689559937,high,23.13790512084961,20.545072555541992,l_brow,hair,-0.027215268462896347,0.6428571428571429,True,True,True,
hda_m_077,male_impostor,nonmatch,0.012665427289903164,0.3148266077041626,non-match,Y,-0.30216118041425943,high,23.59463119506836,13.6925048828125,hair,nose,0.002668614499270916,-0.5476190476190477,True,True,True,
hda_m_078,male_impostor,nonmatch,0.12409232556819916,0.3148266077041626,non-match,Y,-0.19073428213596344,high,13.672586441040039,17.612470626831055,hair,skin,-0.03035716339945793,0.7714285714285715,True,True,True,
hda_m_079,male_impostor,nonmatch,0.17324841022491455,0.3148266077041626,non-match,Y,-0.14157819747924805,medium,21.406309127807617,21.96588706970215,r_brow,skin,-0.13318807631731033,0.8095238095238095,True,True,True,
hda_m_080,male_impostor,nonmatch,0.10129809379577637,0.3148266077041626,non-match,Y,-0.21352851390838623,high,26.667463302612305,26.99904441833496,skin,r_brow,-0.0065491534769535065,0.9523809523809523,True,True,True,
hda_m_081,male_impostor,nonmatch,0.1199842169880867,0.3148266077041626,non-match,Y,-0.1948423907160759,high,18.237041473388672,21.711172103881836,l_brow,skin,-0.08798941597342491,-0.42857142857142855,True,True,True,
hda_m_082,male_impostor,nonmatch,0.0035850917920470238,0.3148266077041626,non-match,Y,-0.3112415159121156,high,22.277584075927734,23.017202377319336,-,nose,-0.0978104267269373,-0.14285714285714285,True,True,True,
hda_m_083,male_impostor,nonmatch,0.05680052936077118,0.3148266077041626,non-match,Y,-0.2580260783433914,high,20.429677963256836,18.473514556884766,skin,nose,-0.07075621327385306,0.8809523809523809,True,True,True,
hda_m_084,male_impostor,nonmatch,0.029836075380444527,0.3148266077041626,non-match,Y,-0.28499053232371807,high,17.33840560913086,20.719627380371094,r_brow,skin,-0.024289668537676334,0.10714285714285714,True,True,True,
hda_m_085,male_impostor,nonmatch,0.05533953756093979,0.3148266077041626,non-match,Y,-0.2594870701432228,high,20.465604782104492,22.163728713989258,skin,hair,0.08496554661542177,0.4642857142857143,True,True,True,
hda_m_086,male_impostor,nonmatch,0.06899861246347427,0.3148266077041626,non-match,Y,-0.24582799524068832,high,15.18970012664795,24.6634578704834,-,hair,-0.10650106705725193,1.0,True,True,True,
hda_m_087,male_impostor,nonmatch,0.07358534634113312,0.3148266077041626,non-match,Y,-0.24124126136302948,high,13.085007667541504,24.613388061523438,mouth,nose,0.004181269556283951,0.9428571428571428,True,True,True,
hda_m_088,male_impostor,nonmatch,0.13829226791858673,0.3148266077041626,non-match,Y,-0.17653433978557587,high,22.070247650146484,22.900211334228516,r_eye,nose,0.004447773098945618,0.9047619047619048,True,True,True,
hda_m_089,male_impostor,nonmatch,0.11119517683982849,0.3148266077041626,non-match,Y,-0.2036314308643341,high,20.536174774169922,20.26715660095215,hair,skin,-0.1331870649009943,0.32142857142857145,True,True,True,
hda_m_090,male_impostor,nonmatch,0.0027931355871260166,0.3148266077041626,non-match,Y,-0.3120334721170366,high,23.73648452758789,14.806012153625488,nose,hair,-0.014640616718679667,-0.5357142857142857,True,True,True,
hda_m_091,male_impostor,nonmatch,0.11243223398923874,0.3148266077041626,non-match,Y,-0.20239437371492386,high,21.94704818725586,14.057132720947266,l_brow,hair,-0.03553975559771061,0.023809523809523808,True,True,True,
hda_m_092,male_impostor,nonmatch,0.025329019874334335,0.3148266077041626,non-match,Y,-0.28949758782982826,high,21.074304580688477,23.3829345703125,hair,r_eye,0.047411493957042694,0.8095238095238095,True,True,True,
hda_m_093,male_impostor,nonmatch,-0.06832167506217957,0.3148266077041626,non-match,Y,-0.38314828276634216,high,23.541717529296875,21.383150100708008,nose,hair,0.06846823170781136,0.6904761904761905,True,True,True,
hda_m_094,male_impostor,nonmatch,0.1994515061378479,0.3148266077041626,non-match,Y,-0.1153751015663147,medium,24.96710968017578,20.906028747558594,r_brow,hair,-0.07541971281170845,0.2,True,True,True,
hda_m_095,male_impostor,nonmatch,0.12095116823911667,0.3148266077041626,non-match,Y,-0.19387543946504593,high,21.398740768432617,22.667707443237305,nose,hair,-0.03538208827376366,0.14285714285714285,True,True,True,
hda_m_096,male_impostor,nonmatch,0.21948271989822388,0.3148266077041626,non-match,Y,-0.09534388780593872,medium,21.11762046813965,20.247190475463867,r_brow,skin,-0.13284677267074585,0.6190476190476191,True,True,True,
hda_m_097,male_impostor,nonmatch,0.23996925354003906,0.3148266077041626,non-match,Y,-0.07485735416412354,medium,20.2431640625,22.29956817626953,l_eye,skin,-0.24146299064159393,0.8571428571428571,True,True,True,
hda_m_098,male_impostor,nonmatch,0.2214300036430359,0.3148266077041626,non-match,Y,-0.09339660406112671,medium,21.438217163085938,23.476335525512695,nose,hair,-0.057954274117946625,0.5714285714285714,True,True,True,
hda_m_099,male_impostor,nonmatch,0.15676406025886536,0.3148266077041626,non-match,Y,-0.15806254744529724,high,14.207629203796387,25.81937599182129,hair,nose,-0.09717531129717827,0.23809523809523808,True,True,True,
hda_m_100,male_impostor,nonmatch,0.13754212856292725,0.3148266077041626,non-match,Y,-0.17728447914123535,high,25.31468391418457,23.50263214111328,l_brow,skin,-0.16403558105230331,0.8095238095238095,True,True,True,
hda_m_101,male_impostor,nonmatch,0.4276048541069031,0.3148266077041626,match,N,0.11277824640274048,medium,20.515541076660156,19.295534133911133,skin,hair,0.4127218574285507,0.6666666666666666,True,True,True,
hda_m_102,male_impostor,nonmatch,0.3467434346675873,0.3148266077041626,match,N,0.03191682696342468,low,22.2751407623291,18.105798721313477,skin,mouth,0.2835921123623848,0.42857142857142855,True,True,True,
hda_m_103,male_impostor,nonmatch,0.45823708176612854,0.3148266077041626,match,N,0.14341047406196594,medium,18.083324432373047,20.12885284423828,skin,nose,0.33933325111866,0.2,True,True,True,
hda_m_104,male_impostor,nonmatch,0.14484018087387085,0.3148266077041626,non-match,Y,-0.16998642683029175,high,23.86660385131836,20.69221305847168,mouth,skin,-0.10210715234279633,0.9047619047619048,True,True,True,
hda_m_105,male_impostor,nonmatch,0.16470438241958618,0.3148266077041626,non-match,Y,-0.15012222528457642,high,22.23507308959961,22.103534698486328,nose,hair,-0.06506720930337906,-0.2,True,True,True,
hda_m_106,male_impostor,nonmatch,0.23090800642967224,0.3148266077041626,non-match,Y,-0.08391860127449036,medium,17.98912239074707,19.407306671142578,mouth,skin,-0.20742831751704216,0.5,True,True,True,
hda_m_107,male_impostor,nonmatch,0.2648378312587738,0.3148266077041626,non-match,Y,-0.049988776445388794,low,19.412662506103516,19.434650421142578,hair,skin,-0.2891621049493551,0.7714285714285715,True,True,True,
hda_m_108,male_impostor,nonmatch,0.13159295916557312,0.3148266077041626,non-match,Y,-0.18323364853858948,high,20.272777557373047,24.41083335876465,nose,skin,-0.10633193282410502,0.19047619047619047,True,True,True,
hda_m_109,male_impostor,nonmatch,0.14112591743469238,0.3148266077041626,non-match,Y,-0.17370069026947021,high,23.933185577392578,21.93583869934082,-,skin,-0.19063361641019583,0.23809523809523808,True,True,True,
hda_m_110,male_impostor,nonmatch,0.047933563590049744,0.3148266077041626,non-match,Y,-0.26689304411411285,high,24.25691032409668,22.354074478149414,nose,hair,0.07946636970154941,0.8285714285714286,True,True,True,
hda_m_111,male_impostor,nonmatch,0.3271560072898865,0.3148266077041626,match,N,0.012329399585723877,low,25.929141998291016,23.121129989624023,skin,r_eye,0.2973046340048313,0.7857142857142857,True,True,True,
hda_m_112,male_impostor,nonmatch,0.11168283969163895,0.3148266077041626,non-match,Y,-0.20314376801252365,high,23.40134620666504,25.562820434570312,hair,skin,-0.0014582052826881409,0.02857142857142857,True,True,True,
hda_m_113,male_impostor,nonmatch,0.03187933564186096,0.3148266077041626,non-match,Y,-0.28294727206230164,high,23.40134620666504,24.442014694213867,l_brow,skin,-0.022994950879365206,0.42857142857142855,True,True,True,
hda_m_114,male_impostor,nonmatch,0.22412832081317902,0.3148266077041626,non-match,Y,-0.09069828689098358,medium,20.992189407348633,20.062265396118164,l_brow,hair,-0.0847439393401146,0.6,True,True,True,
hda_m_115,male_impostor,nonmatch,0.2812317907810211,0.3148266077041626,non-match,Y,-0.03359481692314148,low,16.367603302001953,23.065021514892578,r_brow,skin,-0.1864713504910469,0.6,True,True,True,
hda_m_116,male_impostor,nonmatch,0.16074055433273315,0.3148266077041626,non-match,Y,-0.15408605337142944,high,22.092506408691406,20.824684143066406,mouth,skin,-0.064788106828928,-0.21428571428571427,True,True,True,
hda_m_117,male_impostor,nonmatch,0.21692800521850586,0.3148266077041626,non-match,Y,-0.09789860248565674,medium,24.63783073425293,26.163881301879883,nose,skin,-0.1744743324816227,0.14285714285714285,True,True,True,
hda_m_118,male_impostor,nonmatch,0.23757271468639374,0.3148266077041626,non-match,Y,-0.07725389301776886,medium,20.975067138671875,20.538555145263672,nose,skin,-0.13817985355854034,-0.07142857142857142,True,True,True,
hda_m_119,male_impostor,nonmatch,0.11250361800193787,0.3148266077041626,non-match,Y,-0.20232298970222473,high,19.878177642822266,20.959579467773438,nose,skin,-0.07628926262259483,0.8571428571428571,True,True,True,
hda_m_120,male_impostor,nonmatch,0.2219332754611969,0.3148266077041626,non-match,Y,-0.0928933322429657,medium,23.325735092163086,20.76561737060547,-,skin,-0.24179650470614433,0.40476190476190477,True,True,True,
hda_m_121,male_impostor,nonmatch,0.11121407151222229,0.3148266077041626,non-match,Y,-0.2036125361919403,high,22.184749603271484,21.277875900268555,nose,skin,0.011823232285678387,0.37142857142857144,True,True,True,
hda_m_122,male_impostor,nonmatch,0.21065905690193176,0.3148266077041626,non-match,Y,-0.10416755080223083,medium,16.760391235351562,22.740949630737305,l_brow,skin,-0.1064942441880703,0.08571428571428572,True,True,True,
hda_m_123,male_impostor,nonmatch,0.08949261903762817,0.3148266077041626,non-match,Y,-0.22533398866653442,high,20.018138885498047,23.681461334228516,nose,skin,-0.009030092507600784,0.32142857142857145,True,True,True,
hda_m_124,male_impostor,nonmatch,0.13665837049484253,0.3148266077041626,non-match,Y,-0.17816823720932007,high,21.970699310302734,24.670236587524414,nose,skin,-0.07149308547377586,0.023809523809523808,True,True,True,
hda_m_125,male_impostor,nonmatch,0.055301375687122345,0.3148266077041626,non-match,Y,-0.25952523201704025,high,22.494644165039062,21.3560733795166,skin,hair,-0.0023819999769330025,-0.9285714285714286,True,True,True,
hda_m_126,male_impostor,nonmatch,0.2716759741306305,0.3148266077041626,non-match,Y,-0.043150633573532104,low,20.641714096069336,19.216114044189453,l_eye,skin,-0.22863611578941345,0.5238095238095238,True,True,True,
hda_m_127,male_impostor,nonmatch,0.15456950664520264,0.3148266077041626,non-match,Y,-0.16025710105895996,high,22.54067611694336,19.545658111572266,l_brow,skin,-0.12222985178232193,0.6071428571428571,True,True,True,
hda_m_128,male_impostor,nonmatch,0.1834215521812439,0.3148266077041626,non-match,Y,-0.1314050555229187,medium,19.912303924560547,20.745628356933594,l_brow,skin,-0.03695427253842354,0.9642857142857143,True,True,True,
hda_m_129,male_impostor,nonmatch,0.06351867318153381,0.3148266077041626,non-match,Y,-0.2513079345226288,high,22.894493103027344,22.258634567260742,nose,hair,-0.006597951054573059,0.38095238095238093,True,True,True,
hda_m_130,male_impostor,nonmatch,0.1793154776096344,0.3148266077041626,non-match,Y,-0.1355111300945282,medium,18.395458221435547,18.43654441833496,nose,skin,-0.1368948183953762,0.9761904761904762,True,True,True,
hda_m_131,male_impostor,nonmatch,0.24499103426933289,0.3148266077041626,non-match,Y,-0.06983557343482971,medium,22.982515335083008,21.8626651763916,l_brow,skin,-0.2290908768773079,0.75,True,True,True,
hda_m_132,male_impostor,nonmatch,0.1812218576669693,0.3148266077041626,non-match,Y,-0.1336047500371933,medium,21.12382698059082,22.478660583496094,nose,skin,-0.13938120007514954,0.9428571428571428,True,True,True,
hda_m_133,male_impostor,nonmatch,0.21303297579288483,0.3148266077041626,non-match,Y,-0.10179363191127777,medium,19.48911476135254,19.228708267211914,nose,skin,-0.05397805571556091,0.2571428571428571,True,True,True,
hda_m_134,male_impostor,nonmatch,0.23197127878665924,0.3148266077041626,non-match,Y,-0.08285532891750336,medium,21.158205032348633,18.7695369720459,-,skin,-0.21014948934316635,-0.6,True,True,True,
hda_m_135,male_impostor,nonmatch,0.07722876965999603,0.3148266077041626,non-match,Y,-0.23759783804416656,high,23.789735794067383,22.67973518371582,nose,skin,-0.08401965163648129,1.0,True,True,True,
hda_m_136,male_impostor,nonmatch,0.25511273741722107,0.3148266077041626,non-match,Y,-0.05971387028694153,medium,20.43802261352539,23.81902313232422,-,skin,-0.19117223471403122,0.6785714285714286,True,True,True,
hda_m_137,male_impostor,nonmatch,0.045062679797410965,0.3148266077041626,non-match,Y,-0.26976392790675163,high,20.33097267150879,12.287786483764648,-,hair,-0.05684676393866539,,True,True,True,
hda_m_138,male_impostor,nonmatch,0.14032749831676483,0.3148266077041626,non-match,Y,-0.17449910938739777,high,19.447071075439453,22.65408706665039,l_brow,skin,-0.12821820098906755,0.5,True,True,True,
hda_m_139,male_impostor,nonmatch,0.1393466293811798,0.3148266077041626,non-match,Y,-0.1754799783229828,high,20.422807693481445,21.354854583740234,l_eye,skin,-0.13579097017645836,0.14285714285714285,True,True,True,
hda_m_140,male_impostor,nonmatch,0.23442906141281128,0.3148266077041626,non-match,Y,-0.08039754629135132,medium,21.274438858032227,23.439590454101562,nose,skin,-0.05156981945037842,-0.6,True,True,True,
hda_m_141,male_impostor,nonmatch,0.20500347018241882,0.3148266077041626,non-match,Y,-0.10982313752174377,medium,21.56971549987793,19.78021812438965,r_eye,skin,-0.06577351316809654,0.5238095238095238,True,True,True,
hda_m_142,male_impostor,nonmatch,0.17379599809646606,0.3148266077041626,non-match,Y,-0.14103060960769653,medium,19.413610458374023,23.039745330810547,nose,skin,-0.10388083942234516,0.2857142857142857,True,True,True,
hda_m_143,male_impostor,nonmatch,0.1375630795955658,0.3148266077041626,non-match,Y,-0.1772635281085968,high,24.478044509887695,23.734140396118164,l_eye,r_brow,-0.05928336828947067,0.6428571428571429,True,True,True,
hda_m_144,male_impostor,nonmatch,0.25106921792030334,0.3148266077041626,non-match,Y,-0.06375738978385925,medium,18.608858108520508,18.258832931518555,nose,skin,-0.1495240442454815,0.42857142857142855,True,True,True,
hda_m_145,male_impostor,nonmatch,0.36345210671424866,0.3148266077041626,match,N,0.04862549901008606,low,20.604084014892578,22.690505981445312,skin,l_brow,0.2839767038822174,0.6190476190476191,True,True,True,
hda_m_146,male_impostor,nonmatch,0.2614632844924927,0.3148266077041626,non-match,Y,-0.05336332321166992,medium,19.663908004760742,20.86812973022461,-,skin,-0.2238285019993782,-0.35714285714285715,True,True,True,
hda_m_147,male_impostor,nonmatch,0.35135114192962646,0.3148266077041626,match,N,0.03652453422546387,low,23.274517059326172,24.561208724975586,skin,r_eye,0.32787850499153137,0.2857142857142857,True,True,True,
hda_m_148,male_impostor,nonmatch,0.2630760371685028,0.3148266077041626,non-match,Y,-0.05175057053565979,medium,20.96927261352539,21.877784729003906,l_brow,skin,-0.23504893854260445,0.7142857142857143,True,True,True,
hda_m_149,male_impostor,nonmatch,0.2573191821575165,0.3148266077041626,non-match,Y,-0.05750742554664612,medium,20.94420051574707,21.54862403869629,-,skin,-0.244912251830101,0.75,True,True,True,
hda_m_150,male_impostor,nonmatch,0.11630374938249588,0.3148266077041626,non-match,Y,-0.19852285832166672,high,25.42759132385254,22.48458480834961,hair,nose,-0.08265472576022148,0.16666666666666666,True,True,True,
hda_m_151,male_impostor,nonmatch,0.1291799247264862,0.3148266077041626,non-match,Y,-0.1856466829776764,high,20.317977905273438,22.84151268005371,skin,nose,-0.01805306226015091,0.14285714285714285,True,True,True,
hda_m_152,male_impostor,nonmatch,0.15557432174682617,0.3148266077041626,non-match,Y,-0.15925228595733643,high,17.087474822998047,20.950069427490234,nose,skin,-0.11125436052680016,0.9428571428571428,True,True,True,
hda_m_153,male_impostor,nonmatch,0.10032843798398972,0.3148266077041626,non-match,Y,-0.21449816972017288,high,22.38295555114746,23.07822036743164,l_eye,skin,-0.12134777382016182,0.6785714285714286,True,True,True,
hda_m_154,male_impostor,nonmatch,0.1942089945077896,0.3148266077041626,non-match,Y,-0.12061761319637299,medium,20.816354751586914,19.939266204833984,l_eye,nose,-0.17363423481583595,0.42857142857142855,True,True,True,
hda_m_155,male_impostor,nonmatch,0.09793884307146072,0.3148266077041626,non-match,Y,-0.21688776463270187,high,21.777156829833984,21.86052131652832,nose,skin,-0.0797337107360363,0.5714285714285714,True,True,True,
hda_m_156,male_impostor,nonmatch,0.15882128477096558,0.3148266077041626,non-match,Y,-0.15600532293319702,high,21.63376235961914,22.467313766479492,nose,skin,-0.1777899907901883,0.07142857142857142,True,True,True,
hda_m_157,male_impostor,nonmatch,0.25711917877197266,0.3148266077041626,non-match,Y,-0.05770742893218994,medium,20.725210189819336,22.186174392700195,mouth,skin,-0.21270984411239624,0.7714285714285715,True,True,True,
hda_m_158,male_impostor,nonmatch,0.20215454697608948,0.3148266077041626,non-match,Y,-0.11267206072807312,medium,22.624605178833008,19.699676513671875,nose,skin,-0.2030986286699772,0.9047619047619048,True,True,True,
hda_m_159,male_impostor,nonmatch,0.1185918003320694,0.3148266077041626,non-match,Y,-0.1962348073720932,high,19.279298782348633,21.832056045532227,r_eye,skin,-0.022137843072414398,0.7857142857142857,True,True,True,
hda_m_160,male_impostor,nonmatch,0.09911583364009857,0.3148266077041626,non-match,Y,-0.21571077406406403,high,21.92951011657715,23.206499099731445,mouth,skin,-0.08223148388788104,0.47619047619047616,True,True,True,
hda_m_161,male_impostor,nonmatch,0.24114684760570526,0.3148266077041626,non-match,Y,-0.07367976009845734,medium,24.149761199951172,19.737873077392578,r_eye,skin,-0.22953061759471893,0.6190476190476191,True,True,True,
hda_m_162,male_impostor,nonmatch,0.2445105016231537,0.3148266077041626,non-match,Y,-0.07031610608100891,medium,19.952423095703125,20.507930755615234,nose,skin,-0.11091438680887222,0.6428571428571429,True,True,True,
hda_m_163,male_impostor,nonmatch,0.2078772783279419,0.3148266077041626,non-match,Y,-0.1069493293762207,medium,19.934154510498047,19.788644790649414,r_brow,skin,-0.15979517251253128,0.8928571428571429,True,True,True,
hda_m_164,male_impostor,nonmatch,0.08315613865852356,0.3148266077041626,non-match,Y,-0.23167046904563904,high,20.642038345336914,20.168123245239258,r_eye,skin,-0.17335070297122002,0.8809523809523809,True,True,True,
hda_m_165,male_impostor,nonmatch,0.18131758272647858,0.3148266077041626,non-match,Y,-0.13350902497768402,medium,24.940256118774414,25.045583724975586,nose,skin,-0.08010410889983177,-0.02857142857142857,True,True,True,
hda_m_166,male_impostor,nonmatch,0.21398618817329407,0.3148266077041626,non-match,Y,-0.10084041953086853,medium,23.350284576416016,24.519187927246094,l_brow,nose,-0.09969538450241089,0.8333333333333334,True,True,True,
hda_m_167,male_impostor,nonmatch,0.3509500026702881,0.3148266077041626,match,N,0.03612339496612549,low,26.88555335998535,28.3998966217041,nose,hair,0.25546128302812576,0.75,True,True,True,
hda_m_168,male_impostor,nonmatch,0.11740367114543915,0.3148266077041626,non-match,Y,-0.19742293655872345,high,23.62615394592285,18.92658805847168,mouth,nose,-0.007149912416934967,0.6428571428571429,True,True,True,
hda_m_170,male_impostor,nonmatch,0.19078193604946136,0.3148266077041626,non-match,Y,-0.12404467165470123,medium,22.18234634399414,15.442193031311035,-,skin,-0.15002163127064705,0.39285714285714285,True,True,True,
hda_m_171,male_impostor,nonmatch,0.3711531460285187,0.3148266077041626,match,N,0.05632653832435608,medium,22.495113372802734,22.86383628845215,skin,l_brow,0.25348547101020813,0.8095238095238095,True,True,True,
hda_m_172,male_impostor,nonmatch,0.23955777287483215,0.3148266077041626,non-match,Y,-0.07526883482933044,medium,22.40431785583496,20.203542709350586,mouth,nose,-0.24863924831151962,0.8857142857142857,True,True,True,
hda_m_173,male_impostor,nonmatch,0.3987969756126404,0.3148266077041626,match,N,0.08397036790847778,medium,22.96212387084961,19.398839950561523,skin,l_eye,0.33841271698474884,0.40476190476190477,True,True,True,
hda_m_174,male_impostor,nonmatch,0.2603536546230316,0.3148266077041626,non-match,Y,-0.05447295308113098,medium,18.961137771606445,22.60127067565918,l_eye,hair,-0.1642877236008644,0.40476190476190477,True,True,True,
hda_m_175,male_impostor,nonmatch,0.28645676374435425,0.3148266077041626,non-match,Y,-0.02836984395980835,low,25.90171241760254,21.612394332885742,r_brow,skin,-0.24225915409624577,-0.5,True,True,True,
hda_m_176,male_impostor,nonmatch,0.19293296337127686,0.3148266077041626,non-match,Y,-0.12189364433288574,medium,21.597702026367188,22.318012237548828,l_brow,skin,-0.10007324814796448,0.6666666666666666,True,True,True,
hda_m_177,male_impostor,nonmatch,0.25137385725975037,0.3148266077041626,non-match,Y,-0.06345275044441223,medium,19.68010139465332,12.405267715454102,r_brow,mouth,-0.1400308832526207,0.7142857142857143,True,True,True,
hda_m_178,male_impostor,nonmatch,0.057446740567684174,0.3148266077041626,non-match,Y,-0.2573798671364784,high,15.370166778564453,20.20491600036621,l_brow,skin,-0.07489179261028767,0.09523809523809523,True,True,True,
hda_m_179,male_impostor,nonmatch,0.2249862402677536,0.3148266077041626,non-match,Y,-0.089840367436409,medium,19.766437530517578,23.279977798461914,nose,skin,-0.16836020350456238,0.23809523809523808,True,True,True,
hda_m_180,male_impostor,nonmatch,0.32771000266075134,0.3148266077041626,match,N,0.012883394956588745,low,17.541532516479492,21.90049934387207,skin,-,0.4137158654630184,0.6785714285714286,True,True,True,
hda_m_181,male_impostor,nonmatch,0.23112116754055023,0.3148266077041626,non-match,Y,-0.08370544016361237,medium,19.788740158081055,22.14427947998047,r_eye,skin,-0.27382013481110334,0.30952380952380953,True,True,True,
hda_m_182,male_impostor,nonmatch,0.05286075174808502,0.3148266077041626,non-match,Y,-0.2619658559560776,high,24.017452239990234,18.09897232055664,nose,skin,-0.08483030227944255,0.8928571428571429,True,True,True,
hda_m_183,male_impostor,nonmatch,0.1326131820678711,0.3148266077041626,non-match,Y,-0.1822134256362915,high,19.72261619567871,20.464025497436523,nose,skin,-0.05754951760172844,0.8333333333333334,True,True,True,
hda_m_184,male_impostor,nonmatch,0.2623547613620758,0.3148266077041626,non-match,Y,-0.05247184634208679,medium,22.140714645385742,22.5069580078125,mouth,skin,-0.1588752269744873,-0.07142857142857142,True,True,True,
hda_m_185,male_impostor,nonmatch,0.34715452790260315,0.3148266077041626,match,N,0.03232792019844055,low,21.071744918823242,22.47256851196289,skin,r_eye,0.2832850441336632,0.7380952380952381,True,True,True,
hda_m_186,male_impostor,nonmatch,0.2364712655544281,0.3148266077041626,non-match,Y,-0.0783553421497345,medium,19.1898193359375,19.885108947753906,l_eye,skin,-0.24830330535769463,0.9761904761904762,True,True,True,
hda_m_187,male_impostor,nonmatch,0.05704105272889137,0.3148266077041626,non-match,Y,-0.2577855549752712,high,19.42051124572754,21.305543899536133,r_brow,skin,-0.08203264139592648,0.7619047619047619,True,True,True,
hda_m_188,male_impostor,nonmatch,0.09157872945070267,0.3148266077041626,non-match,Y,-0.22324787825345993,high,22.70258903503418,20.140653610229492,l_brow,hair,-0.07375168241560459,0.7619047619047619,True,True,True,
hda_m_189,male_impostor,nonmatch,0.3228074908256531,0.3148266077041626,match,N,0.007980883121490479,low,18.110332489013672,21.023128509521484,skin,mouth,0.24414728581905365,0.8928571428571429,True,True,True,
hda_m_190,male_impostor,nonmatch,0.16345849633216858,0.3148266077041626,non-match,Y,-0.15136811137199402,high,22.873815536499023,21.454526901245117,nose,skin,-0.1696904394775629,0.47619047619047616,True,True,True,
hda_m_191,male_impostor,nonmatch,0.19048361480236053,0.3148266077041626,non-match,Y,-0.12434299290180206,medium,20.55077362060547,21.35529327392578,l_brow,skin,-0.1441044881939888,0.5,True,True,True,
hda_m_192,male_impostor,nonmatch,0.09477253258228302,0.3148266077041626,non-match,Y,-0.22005407512187958,high,21.171588897705078,21.239032745361328,r_eye,skin,-0.06873726658523083,0.4523809523809524,True,True,True,
hda_m_193,male_impostor,nonmatch,-0.024485308676958084,0.3148266077041626,non-match,Y,-0.3393119163811207,high,17.75440788269043,26.070695877075195,skin,r_eye,0.07582672173157334,0.42857142857142855,True,True,True,
hda_m_194,male_impostor,nonmatch,0.08696600049734116,0.3148266077041626,non-match,Y,-0.22786060720682144,high,19.95125961303711,21.26520538330078,nose,hair,0.007390288636088371,0.8214285714285714,True,True,True,
hda_m_195,male_impostor,nonmatch,0.3907429873943329,0.3148266077041626,match,N,0.07591637969017029,medium,22.245182037353516,21.556264877319336,skin,-,0.3353186175227165,0.8095238095238095,True,True,True,
hda_m_196,male_impostor,nonmatch,0.2313852161169052,0.3148266077041626,non-match,Y,-0.08344139158725739,medium,18.69992446899414,18.67922019958496,nose,skin,-0.11517024785280228,0.8928571428571429,True,True,True,
hda_m_197,male_impostor,nonmatch,0.19402962923049927,0.3148266077041626,non-match,Y,-0.12079697847366333,medium,24.372333526611328,20.273767471313477,mouth,skin,-0.04189819097518921,-0.32142857142857145,True,True,True,
hda_m_198,male_impostor,nonmatch,0.2737310528755188,0.3148266077041626,non-match,Y,-0.0410955548286438,low,20.903106689453125,21.636398315429688,hair,skin,-0.19616316631436348,0.35714285714285715,True,True,True,
hda_m_199,male_impostor,nonmatch,0.13879986107349396,0.3148266077041626,non-match,Y,-0.17602674663066864,high,24.554882049560547,19.11618995666504,r_brow,skin,-0.05707237124443054,0.21428571428571427,True,True,True,
hda_m_200,male_impostor,nonmatch,0.23734396696090698,0.3148266077041626,non-match,Y,-0.07748264074325562,medium,21.644865036010742,19.56355857849121,-,skin,-0.22123583406209946,0.6,True,True,True,
hda_f_001,female_impostor,nonmatch,0.0910089835524559,0.3148266077041626,non-match,Y,-0.2238176241517067,high,22.92023468017578,19.519834518432617,l_eye,mouth,-0.08648865390568972,0.19047619047619047,True,True,True,
hda_f_002,female_impostor,nonmatch,0.32463106513023376,0.3148266077041626,match,N,0.009804457426071167,low,20.327844619750977,19.112863540649414,skin,l_brow,0.2873116321861744,0.7857142857142857,True,True,True,
hda_f_003,female_impostor,nonmatch,0.14923936128616333,0.3148266077041626,non-match,Y,-0.16558724641799927,high,20.945011138916016,21.518617630004883,nose,skin,-0.20623735897243023,0.9523809523809523,True,True,True,
hda_f_004,female_impostor,nonmatch,0.024220844730734825,0.3148266077041626,non-match,Y,-0.2906057629734278,high,20.388587951660156,19.811887741088867,skin,hair,0.010436820331960917,0.9047619047619048,True,True,True,
hda_f_005,female_impostor,nonmatch,0.06947433948516846,0.3148266077041626,non-match,Y,-0.24535226821899414,high,21.261558532714844,20.552391052246094,nose,mouth,-0.03333407733589411,0.8333333333333334,True,True,True,
hda_f_006,female_impostor,nonmatch,0.15344205498695374,0.3148266077041626,non-match,Y,-0.16138455271720886,high,19.650259017944336,23.44207000732422,r_brow,skin,-0.11645445600152016,0.8095238095238095,True,True,True,
hda_f_007,female_impostor,nonmatch,0.18084408342838287,0.3148266077041626,non-match,Y,-0.13398252427577972,medium,20.000749588012695,16.302169799804688,nose,hair,0.05324108898639679,0.3142857142857143,True,True,True,
hda_f_008,female_impostor,nonmatch,0.2875467836856842,0.3148266077041626,non-match,Y,-0.027279824018478394,low,21.552446365356445,23.618972778320312,nose,skin,-0.1973177120089531,0.38095238095238093,True,True,True,
hda_f_009,female_impostor,nonmatch,0.17141631245613098,0.3148266077041626,non-match,Y,-0.14341029524803162,medium,21.157182693481445,15.01906681060791,skin,hair,-0.03277057781815529,0.6571428571428571,True,True,True,
hda_f_010,female_impostor,nonmatch,0.21883785724639893,0.3148266077041626,non-match,Y,-0.09598875045776367,medium,21.4692325592041,23.259225845336914,nose,skin,-0.06123083084821701,0.03571428571428571,True,True,True,
hda_f_011,female_impostor,nonmatch,0.1670335829257965,0.3148266077041626,non-match,Y,-0.1477930247783661,medium,21.90036964416504,22.43751335144043,l_brow,skin,-0.2594254966825247,0.14285714285714285,True,True,True,
hda_f_012,female_impostor,nonmatch,0.12746480107307434,0.3148266077041626,non-match,Y,-0.18736180663108826,high,21.840137481689453,20.174530029296875,nose,skin,-0.13949090708047152,0.4523809523809524,True,True,True,
hda_f_013,female_impostor,nonmatch,0.32940638065338135,0.3148266077041626,match,N,0.01457977294921875,low,20.334087371826172,24.823352813720703,skin,nose,0.2995671797543764,0.14285714285714285,True,True,True,
hda_f_014,female_impostor,nonmatch,0.1760261207818985,0.3148266077041626,non-match,Y,-0.1388004869222641,medium,21.045013427734375,22.59617805480957,nose,skin,-0.07421380281448364,0.8333333333333334,True,True,True,
hda_f_015,female_impostor,nonmatch,0.6331902146339417,0.3148266077041626,match,N,0.31836360692977905,high,20.87209129333496,25.279512405395508,skin,hair,0.6091183461248875,0.47619047619047616,True,True,True,
hda_f_016,female_impostor,nonmatch,0.11150410771369934,0.3148266077041626,non-match,Y,-0.20332249999046326,high,20.984834671020508,22.767101287841797,nose,skin,-0.07744277641177177,-0.4642857142857143,True,True,True,
hda_f_017,female_impostor,nonmatch,0.28861045837402344,0.3148266077041626,non-match,Y,-0.02621614933013916,low,18.82965850830078,23.547866821289062,r_eye,skin,-0.08509239181876183,0.7142857142857143,True,True,True,
hda_f_018,female_impostor,nonmatch,0.20336009562015533,0.3148266077041626,non-match,Y,-0.11146651208400726,medium,20.658565521240234,21.167863845825195,r_brow,skin,-0.22850951924920082,0.35714285714285715,True,True,True,
hda_f_019,female_impostor,nonmatch,0.13272200524806976,0.3148266077041626,non-match,Y,-0.18210460245609283,high,20.899276733398438,16.973041534423828,skin,mouth,-0.002580266445875168,0.2,True,True,True,
hda_f_020,female_impostor,nonmatch,0.4548448622226715,0.3148266077041626,match,N,0.1400182545185089,medium,14.40765380859375,15.541947364807129,skin,l_eye,0.2797524034976959,0.6666666666666666,True,True,True,
hda_f_021,female_impostor,nonmatch,0.2829834222793579,0.3148266077041626,non-match,Y,-0.03184318542480469,low,18.02167320251465,20.840404510498047,nose,skin,-0.3422897532582283,0.023809523809523808,True,True,True,
hda_f_022,female_impostor,nonmatch,0.1940956711769104,0.3148266077041626,non-match,Y,-0.1207309365272522,medium,22.92023468017578,22.002830505371094,r_eye,skin,-0.2350061647593975,0.8333333333333334,True,True,True,
hda_f_023,female_impostor,nonmatch,0.29227378964424133,0.3148266077041626,non-match,Y,-0.022552818059921265,low,23.067413330078125,21.583789825439453,mouth,skin,-0.3490223931148648,0.9047619047619048,True,True,True,
hda_f_024,female_impostor,nonmatch,0.1707589477300644,0.3148266077041626,non-match,Y,-0.1440676599740982,medium,21.42794418334961,22.205520629882812,r_brow,skin,-0.1618589460849762,0.42857142857142855,True,True,True,
hda_f_025,female_impostor,nonmatch,0.17249882221221924,0.3148266077041626,non-match,Y,-0.14232778549194336,medium,22.719310760498047,18.793750762939453,nose,skin,-0.21780112385749817,0.9761904761904762,True,True,True,
hda_f_026,female_impostor,nonmatch,0.0441451296210289,0.3148266077041626,non-match,Y,-0.2706814780831337,high,22.62548828125,14.419612884521484,nose,mouth,-0.02991830464452505,0.9523809523809523,True,True,True,
hda_f_027,female_impostor,nonmatch,0.3330746591091156,0.3148266077041626,match,N,0.018248051404953003,low,22.512676239013672,22.524845123291016,skin,nose,0.3061979413032532,0.6904761904761905,True,True,True,
hda_f_028,female_impostor,nonmatch,0.3748466968536377,0.3148266077041626,match,N,0.0600200891494751,medium,27.08368682861328,22.720600128173828,skin,r_eye,0.29697863571345806,0.5476190476190477,True,True,True,
hda_f_029,female_impostor,nonmatch,0.40338653326034546,0.3148266077041626,match,N,0.08855992555618286,medium,22.186159133911133,25.756975173950195,skin,l_brow,0.3889409117400646,0.5714285714285714,True,True,True,
hda_f_030,female_impostor,nonmatch,0.32835885882377625,0.3148266077041626,match,N,0.013532251119613647,low,22.497440338134766,23.754880905151367,skin,mouth,0.38672517240047455,1.0,True,True,True,
hda_f_031,female_impostor,nonmatch,0.532058596611023,0.3148266077041626,match,N,0.21723198890686035,high,19.233734130859375,20.563615798950195,skin,-,0.4912169799208641,0.8095238095238095,True,True,True,
hda_f_032,female_impostor,nonmatch,0.331114798784256,0.3148266077041626,match,N,0.016288191080093384,low,19.71874237060547,19.965246200561523,skin,l_brow,0.2667140103876591,0.6904761904761905,True,True,True,
hda_f_033,female_impostor,nonmatch,0.29488229751586914,0.3148266077041626,non-match,Y,-0.019944310188293457,low,21.35443687438965,25.709619522094727,r_eye,skin,-0.21102389693260193,0.39285714285714285,True,True,True,
hda_f_034,female_impostor,nonmatch,0.26561683416366577,0.3148266077041626,non-match,Y,-0.049209773540496826,low,22.566287994384766,21.21624755859375,mouth,skin,-0.27916355105116963,0.8571428571428571,True,True,True,
hda_f_035,female_impostor,nonmatch,0.16434240341186523,0.3148266077041626,non-match,Y,-0.15048420429229736,high,22.505165100097656,21.807086944580078,nose,skin,-0.16334974393248558,0.7619047619047619,True,True,True,
hda_f_036,female_impostor,nonmatch,0.20036576688289642,0.3148266077041626,non-match,Y,-0.11446084082126617,medium,20.814672470092773,22.479114532470703,nose,skin,-0.18937612138688564,0.5952380952380952,True,True,True,
hda_f_037,female_impostor,nonmatch,0.3114457130432129,0.3148266077041626,non-match,Y,-0.003380894660949707,low,21.981809616088867,19.9092960357666,l_brow,skin,-0.2959645465016365,-0.023809523809523808,True,True,True,
hda_f_038,female_impostor,nonmatch,0.3658008575439453,0.3148266077041626,match,N,0.050974249839782715,medium,22.976913452148438,23.40012550354004,skin,r_brow,0.24340499937534332,0.03571428571428571,True,True,True,
hda_f_039,female_impostor,nonmatch,0.2941896319389343,0.3148266077041626,non-match,Y,-0.02063697576522827,low,21.100557327270508,21.66556167602539,r_eye,skin,-0.2627939898520708,0.7380952380952381,True,True,True,
hda_f_040,female_impostor,nonmatch,0.13685646653175354,0.3148266077041626,non-match,Y,-0.17797014117240906,high,19.137483596801758,20.9130916595459,l_brow,skin,-0.08952727913856506,0.8095238095238095,True,True,True,
hda_f_041,female_impostor,nonmatch,0.3132782578468323,0.3148266077041626,non-match,Y,-0.0015483498573303223,low,23.34432601928711,21.401775360107422,r_brow,skin,-0.36604843474924564,0.7380952380952381,True,True,True,
hda_f_042,female_impostor,nonmatch,0.3857187330722809,0.3148266077041626,match,N,0.07089212536811829,medium,18.165386199951172,22.023038864135742,skin,mouth,0.363718718290329,0.9761904761904762,True,True,True,
hda_f_043,female_impostor,nonmatch,0.3878113031387329,0.3148266077041626,match,N,0.07298469543457031,medium,22.546592712402344,25.51068878173828,skin,mouth,0.34549495577812195,0.7142857142857143,True,True,True,
hda_f_044,female_impostor,nonmatch,0.19751764833927155,0.3148266077041626,non-match,Y,-0.11730895936489105,medium,19.904844284057617,19.918598175048828,nose,skin,-0.11924402043223381,0.8333333333333334,True,True,True,
hda_f_045,female_impostor,nonmatch,0.41457051038742065,0.3148266077041626,match,N,0.09974390268325806,medium,19.575157165527344,19.720121383666992,skin,hair,0.3470391556620598,0.7619047619047619,True,True,True,
hda_f_046,female_impostor,nonmatch,0.7159476280212402,0.3148266077041626,match,N,0.40112102031707764,high,21.969829559326172,21.686429977416992,skin,l_brow,0.7619955316185951,0.6904761904761905,True,True,True,
hda_f_047,female_impostor,nonmatch,0.1613219827413559,0.3148266077041626,non-match,Y,-0.1535046249628067,high,22.593616485595703,22.077695846557617,l_brow,skin,-0.13322564959526062,0.7380952380952381,True,True,True,
hda_f_048,female_impostor,nonmatch,0.2654937505722046,0.3148266077041626,non-match,Y,-0.04933285713195801,low,21.575454711914062,24.89792823791504,-,skin,-0.31653330475091934,0.5238095238095238,True,True,True,
hda_f_049,female_impostor,nonmatch,0.44886115193367004,0.3148266077041626,match,N,0.13403454422950745,medium,21.855350494384766,23.50225830078125,skin,l_eye,0.29319586604833603,0.7380952380952381,True,True,True,
hda_f_050,female_impostor,nonmatch,0.29958537220954895,0.3148266077041626,non-match,Y,-0.015241235494613647,low,21.321285247802734,20.081310272216797,-,skin,-0.379808247089386,0.32142857142857145,True,True,True,
hda_f_051,female_impostor,nonmatch,0.4441225230693817,0.3148266077041626,match,N,0.12929591536521912,medium,24.380924224853516,22.801712036132812,skin,-,0.4645389914512634,0.6,True,True,True,
hda_f_052,female_impostor,nonmatch,0.04850928112864494,0.3148266077041626,non-match,Y,-0.26631732657551765,high,12.112893104553223,19.959901809692383,skin,hair,0.12865307368338108,0.5714285714285714,True,True,True,
hda_f_053,female_impostor,nonmatch,0.24303379654884338,0.3148266077041626,non-match,Y,-0.07179281115531921,medium,24.590713500976562,22.087129592895508,nose,skin,-0.09460191056132317,0.7857142857142857,True,True,True,
hda_f_054,female_impostor,nonmatch,0.2321266233921051,0.3148266077041626,non-match,Y,-0.0826999843120575,medium,23.818161010742188,23.403076171875,l_brow,skin,-0.21034538745880127,-0.3,True,True,True,
hda_f_055,female_impostor,nonmatch,0.5767678022384644,0.3148266077041626,match,N,0.26194119453430176,high,23.239089965820312,22.866670608520508,skin,mouth,0.6150507666170597,0.2857142857142857,True,True,True,
hda_f_056,female_impostor,nonmatch,0.25895315408706665,0.3148266077041626,non-match,Y,-0.05587345361709595,medium,22.84255599975586,21.513322830200195,r_brow,skin,-0.20932558178901672,0.32142857142857145,True,True,True,
hda_f_057,female_impostor,nonmatch,0.3383907377719879,0.3148266077041626,match,N,0.023564130067825317,low,22.19001007080078,17.626754760742188,skin,l_brow,0.22095750272274017,0.32142857142857145,True,True,True,
hda_f_058,female_impostor,nonmatch,0.6331195831298828,0.3148266077041626,match,N,0.3182929754257202,high,20.320602416992188,25.135618209838867,skin,-,0.6796331703662872,0.8928571428571429,True,True,True,
hda_f_059,female_impostor,nonmatch,0.4895305037498474,0.3148266077041626,match,N,0.17470389604568481,high,24.900774002075195,23.81212615966797,skin,-,0.47328491508960724,0.8333333333333334,True,True,True,
hda_f_060,female_impostor,nonmatch,0.1615431159734726,0.3148266077041626,non-match,Y,-0.15328349173069,high,25.392728805541992,25.302087783813477,hair,skin,-0.04395850747823715,0.8571428571428571,True,True,True,
hda_f_061,female_impostor,nonmatch,0.653486967086792,0.3148266077041626,match,N,0.3386603593826294,high,22.58469009399414,22.503353118896484,skin,-,0.5021406561136246,0.8333333333333334,True,True,True,
hda_f_062,female_impostor,nonmatch,0.2647620439529419,0.3148266077041626,non-match,Y,-0.0500645637512207,medium,24.912290573120117,23.69009780883789,hair,skin,-0.3332087881863117,0.5,True,True,True,
hda_f_063,female_impostor,nonmatch,0.3870466947555542,0.3148266077041626,match,N,0.0722200870513916,medium,20.209550857543945,20.026552200317383,skin,hair,0.2988204248249531,0.8285714285714286,True,True,True,
hda_f_064,female_impostor,nonmatch,0.5325733423233032,0.3148266077041626,match,N,0.21774673461914062,high,23.978010177612305,22.098777770996094,skin,-,0.6127271354198456,0.6904761904761905,True,True,True,
hda_f_065,female_impostor,nonmatch,0.3131985068321228,0.3148266077041626,non-match,Y,-0.001628100872039795,low,23.781835556030273,23.681840896606445,nose,skin,-0.3737180531024933,0.5952380952380952,True,True,True,
hda_f_066,female_impostor,nonmatch,0.25751155614852905,0.3148266077041626,non-match,Y,-0.057315051555633545,medium,22.42131996154785,21.233972549438477,-,skin,-0.41017706296406686,0.5476190476190477,True,True,True,
hda_f_067,female_impostor,nonmatch,0.2733781635761261,0.3148266077041626,non-match,Y,-0.0414484441280365,low,22.12152099609375,26.372346878051758,nose,skin,-0.25244908779859543,0.8571428571428571,True,True,True,
hda_f_068,female_impostor,nonmatch,0.2841445505619049,0.3148266077041626,non-match,Y,-0.03068205714225769,low,20.461271286010742,20.172222137451172,l_brow,skin,-0.27829194255173206,0.8214285714285714,True,True,True,
hda_f_069,female_impostor,nonmatch,0.2403329312801361,0.3148266077041626,non-match,Y,-0.07449367642402649,medium,19.7052059173584,20.29945182800293,nose,skin,-0.20567702874541283,0.42857142857142855,True,True,True,
hda_f_070,female_impostor,nonmatch,0.17790080606937408,0.3148266077041626,non-match,Y,-0.1369258016347885,medium,18.718019485473633,26.037513732910156,l_brow,skin,-0.045481741428375244,0.7714285714285715,True,True,True,
hda_f_071,female_impostor,nonmatch,0.4907149374485016,0.3148266077041626,match,N,0.175888329744339,high,19.233734130859375,19.763782501220703,skin,nose,0.3930974304676056,0.40476190476190477,True,True,True,
hda_f_072,female_impostor,nonmatch,0.45361000299453735,0.3148266077041626,match,N,0.13878339529037476,medium,23.730714797973633,21.01470375061035,skin,-,0.4495263695716858,0.35714285714285715,True,True,True,
hda_f_073,female_impostor,nonmatch,0.22883246839046478,0.3148266077041626,non-match,Y,-0.08599413931369781,medium,24.37605094909668,26.18918800354004,nose,skin,-0.07297615706920624,0.7619047619047619,True,True,True,
hda_f_074,female_impostor,nonmatch,0.1346856653690338,0.3148266077041626,non-match,Y,-0.18014094233512878,high,11.206999778747559,8.727935791015625,mouth,hair,0.02111922577023506,0.0,True,True,True,
hda_f_075,female_impostor,nonmatch,0.28809261322021484,0.3148266077041626,non-match,Y,-0.026733994483947754,low,20.769527435302734,20.372533798217773,r_brow,skin,-0.2477089688181877,0.9047619047619048,True,True,True,
hda_f_076,female_impostor,nonmatch,0.18669208884239197,0.3148266077041626,non-match,Y,-0.12813451886177063,medium,25.41908073425293,20.52637481689453,hair,skin,-0.24788307026028633,0.6428571428571429,True,True,True,
hda_f_077,female_impostor,nonmatch,0.17835652828216553,0.3148266077041626,non-match,Y,-0.13647007942199707,medium,22.645021438598633,22.006052017211914,nose,skin,-0.15414619073271751,0.09523809523809523,True,True,True,
hda_f_078,female_impostor,nonmatch,0.353627473115921,0.3148266077041626,match,N,0.03880086541175842,low,20.970144271850586,21.88719367980957,skin,r_eye,0.4650690760463476,0.9761904761904762,True,True,True,
hda_f_079,female_impostor,nonmatch,0.332652747631073,0.3148266077041626,match,N,0.0178261399269104,low,23.493343353271484,22.270301818847656,skin,l_brow,0.15443314611911774,0.7142857142857143,True,True,True,
hda_f_080,female_impostor,nonmatch,0.2013670951128006,0.3148266077041626,non-match,Y,-0.113459512591362,medium,23.49509620666504,24.536401748657227,hair,skin,-0.18723385129123926,1.0,True,True,True,
hda_f_081,female_impostor,nonmatch,0.32755646109580994,0.3148266077041626,match,N,0.012729853391647339,low,19.858827590942383,19.506023406982422,skin,nose,0.3098430186510086,0.7857142857142857,True,True,True,
hda_f_082,female_impostor,nonmatch,0.33822348713874817,0.3148266077041626,match,N,0.02339687943458557,low,20.528470993041992,19.407188415527344,skin,r_brow,0.273188641294837,0.42857142857142855,True,True,True,
hda_f_083,female_impostor,nonmatch,0.18312911689281464,0.3148266077041626,non-match,Y,-0.13169749081134796,medium,20.9303035736084,16.36621856689453,skin,nose,0.006994418799877167,0.47619047619047616,True,True,True,
hda_f_084,female_impostor,nonmatch,0.07950278371572495,0.3148266077041626,non-match,Y,-0.23532382398843765,high,20.984834671020508,21.612154006958008,nose,skin,0.021717708557844162,0.7857142857142857,True,True,True,
hda_f_085,female_impostor,nonmatch,0.44056886434555054,0.3148266077041626,match,N,0.12574225664138794,medium,20.734281539916992,19.779296875,hair,nose,0.3906347304582596,0.5,True,True,True,
hda_f_086,female_impostor,nonmatch,0.35532236099243164,0.3148266077041626,match,N,0.04049575328826904,low,19.495651245117188,13.663198471069336,mouth,r_eye,0.16980761289596558,0.6,True,True,True,
hda_f_087,female_impostor,nonmatch,0.5469999313354492,0.3148266077041626,match,N,0.23217332363128662,high,25.448877334594727,27.909570693969727,skin,hair,0.3155103623867035,0.5,True,True,True,
hda_f_088,female_impostor,nonmatch,0.44945722818374634,0.3148266077041626,match,N,0.13463062047958374,medium,22.493026733398438,26.941797256469727,skin,hair,0.531885202974081,0.5952380952380952,True,True,True,
hda_f_089,female_impostor,nonmatch,0.30580922961235046,0.3148266077041626,non-match,Y,-0.009017378091812134,low,15.206524848937988,12.252998352050781,l_brow,nose,-0.2157013639807701,0.39285714285714285,True,True,True,
hda_f_090,female_impostor,nonmatch,0.12866505980491638,0.3148266077041626,non-match,Y,-0.18616154789924622,high,21.38062286376953,21.149019241333008,nose,skin,-0.08727190643548965,0.8095238095238095,True,True,True,
hda_f_091,female_impostor,nonmatch,0.18982206284999847,0.3148266077041626,non-match,Y,-0.12500454485416412,medium,22.141599655151367,17.91207504272461,hair,nose,-0.11204974725842476,0.2857142857142857,True,True,True,
hda_f_092,female_impostor,nonmatch,0.4335860311985016,0.3148266077041626,match,N,0.11875942349433899,medium,23.56790542602539,23.091928482055664,skin,-,0.42839721590280533,0.7142857142857143,True,True,True,
hda_f_093,female_impostor,nonmatch,0.36790165305137634,0.3148266077041626,match,N,0.053075045347213745,medium,23.95494270324707,19.66216468811035,skin,r_brow,0.3570997081696987,0.9047619047619048,True,True,True,
hda_f_094,female_impostor,nonmatch,0.23122663795948029,0.3148266077041626,non-match,Y,-0.08359996974468231,medium,24.694116592407227,20.665164947509766,nose,skin,-0.058146849274635315,0.0,True,True,True,
hda_f_095,female_impostor,nonmatch,0.24683912098407745,0.3148266077041626,non-match,Y,-0.06798748672008514,medium,22.909826278686523,22.509767532348633,nose,skin,-0.2527248924598098,0.5714285714285714,True,True,True,
hda_f_096,female_impostor,nonmatch,0.2563784122467041,0.3148266077041626,non-match,Y,-0.058448195457458496,medium,19.764251708984375,21.953716278076172,hair,skin,-0.29189026914536953,0.5476190476190477,True,True,True,
hda_f_097,female_impostor,nonmatch,0.18441450595855713,0.3148266077041626,non-match,Y,-0.13041210174560547,medium,21.820449829101562,20.98260498046875,hair,skin,-0.2922404473647475,0.5952380952380952,True,True,True,
hda_f_098,female_impostor,nonmatch,0.15317215025424957,0.3148266077041626,non-match,Y,-0.16165445744991302,high,21.177934646606445,21.232316970825195,nose,skin,-0.029164781793951988,0.7714285714285715,True,True,True,
hda_f_099,female_impostor,nonmatch,0.4143095314502716,0.3148266077041626,match,N,0.09948292374610901,medium,19.882150650024414,22.592845916748047,skin,r_eye,0.3363737240433693,0.7619047619047619,True,True,True,
hda_f_100,female_impostor,nonmatch,0.35642412304878235,0.3148266077041626,match,N,0.04159751534461975,low,20.108545303344727,21.92010498046875,skin,hair,0.3305438384413719,0.5238095238095238,True,True,True,
hda_f_101,female_impostor,nonmatch,0.311765193939209,0.3148266077041626,non-match,Y,-0.0030614137649536133,low,20.218189239501953,22.931331634521484,-,skin,-0.2736865356564522,-0.14285714285714285,True,True,True,
hda_f_102,female_impostor,nonmatch,0.08862149715423584,0.3148266077041626,non-match,Y,-0.22620511054992676,high,20.029184341430664,19.940034866333008,nose,hair,-0.04225041717290878,0.2857142857142857,True,True,True,
hda_f_103,female_impostor,nonmatch,0.17941050231456757,0.3148266077041626,non-match,Y,-0.13541610538959503,medium,22.162368774414062,21.250364303588867,nose,skin,-0.07813160307705402,0.8095238095238095,True,True,True,
hda_f_104,female_impostor,nonmatch,0.11539221554994583,0.3148266077041626,non-match,Y,-0.19943439215421677,high,19.9725341796875,22.381420135498047,hair,skin,-0.18531787395477295,0.19047619047619047,True,True,True,
hda_f_105,female_impostor,nonmatch,0.09207161515951157,0.3148266077041626,non-match,Y,-0.22275499254465103,high,22.87950325012207,20.229816436767578,nose,mouth,-0.08339203149080276,0.19047619047619047,True,True,True,
hda_f_106,female_impostor,nonmatch,0.22002656757831573,0.3148266077041626,non-match,Y,-0.09480004012584686,medium,23.725557327270508,23.102012634277344,l_brow,skin,-0.11254644393920898,0.5714285714285714,True,True,True,
hda_f_107,female_impostor,nonmatch,0.184871107339859,0.3148266077041626,non-match,Y,-0.1299555003643036,medium,20.422731399536133,21.77460289001465,nose,skin,-0.19755472987890244,0.9761904761904762,True,True,True,
hda_f_108,female_impostor,nonmatch,0.3293378949165344,0.3148266077041626,match,N,0.014511287212371826,low,23.150854110717773,22.986177444458008,skin,mouth,0.4151771776378155,0.6428571428571429,True,True,True,
hda_f_109,female_impostor,nonmatch,0.27494004368782043,0.3148266077041626,non-match,Y,-0.03988656401634216,low,22.696142196655273,21.98495101928711,hair,skin,-0.3793359287083149,0.8333333333333334,True,True,True,
hda_f_110,female_impostor,nonmatch,0.21921393275260925,0.3148266077041626,non-match,Y,-0.09561267495155334,medium,23.725557327270508,21.325899124145508,r_brow,skin,-0.08934756368398666,0.6666666666666666,True,True,True,
hda_f_111,female_impostor,nonmatch,0.20109552145004272,0.3148266077041626,non-match,Y,-0.11373108625411987,medium,22.042638778686523,23.270366668701172,l_eye,skin,-0.2414432093501091,0.5238095238095238,True,True,True,
hda_f_112,female_impostor,nonmatch,0.21099919080734253,0.3148266077041626,non-match,Y,-0.10382741689682007,medium,21.704519271850586,21.678571701049805,hair,skin,-0.3034126916900277,0.7380952380952381,True,True,True,
hda_f_113,female_impostor,nonmatch,0.10014097392559052,0.3148266077041626,non-match,Y,-0.21468563377857208,high,22.08713722229004,19.681867599487305,hair,skin,-0.16289621964097023,0.16666666666666666,True,True,True,
hda_f_114,female_impostor,nonmatch,0.41826125979423523,0.3148266077041626,match,N,0.10343465209007263,medium,23.966035842895508,21.54800033569336,skin,l_eye,0.44602441415190697,0.8809523809523809,True,True,True,
hda_f_115,female_impostor,nonmatch,0.21975110471248627,0.3148266077041626,non-match,Y,-0.09507550299167633,medium,19.614351272583008,20.4149227142334,nose,skin,-0.2891732472926378,1.0,True,True,True,
hda_f_116,female_impostor,nonmatch,0.24821268022060394,0.3148266077041626,non-match,Y,-0.06661392748355865,medium,23.25452995300293,22.48714828491211,r_brow,skin,-0.19464308954775333,0.9285714285714286,True,True,True,
hda_f_117,female_impostor,nonmatch,0.12738877534866333,0.3148266077041626,non-match,Y,-0.18743783235549927,high,18.771181106567383,19.663663864135742,r_eye,skin,-0.15704955719411373,0.42857142857142855,True,True,True,
hda_f_118,female_impostor,nonmatch,0.0849812924861908,0.3148266077041626,non-match,Y,-0.2298453152179718,high,20.96306800842285,20.454484939575195,r_eye,skin,-0.06482119578868151,0.09523809523809523,True,True,True,
hda_f_119,female_impostor,nonmatch,0.11524531990289688,0.3148266077041626,non-match,Y,-0.19958128780126572,high,22.08521270751953,22.05594253540039,nose,skin,-0.03233768045902252,-0.35714285714285715,True,True,True,
hda_f_120,female_impostor,nonmatch,0.35558298230171204,0.3148266077041626,match,N,0.04075637459754944,low,23.927766799926758,22.663236618041992,skin,-,0.5303577594459057,0.8809523809523809,True,True,True,
hda_f_121,female_impostor,nonmatch,0.1594589352607727,0.3148266077041626,non-match,Y,-0.1553676724433899,high,23.889972686767578,21.494640350341797,-,skin,-0.25203029718250036,0.7714285714285715,True,True,True,
hda_f_122,female_impostor,nonmatch,0.19181497395038605,0.3148266077041626,non-match,Y,-0.12301163375377655,medium,20.782886505126953,20.65733528137207,l_brow,skin,-0.1348749794997275,0.6666666666666666,True,True,True,
hda_f_123,female_impostor,nonmatch,0.19769133627414703,0.3148266077041626,non-match,Y,-0.11713527143001556,medium,23.073612213134766,23.01136589050293,r_brow,skin,-0.21545153995975852,0.8809523809523809,True,True,True,
hda_f_124,female_impostor,nonmatch,0.09916037321090698,0.3148266077041626,non-match,Y,-0.21566623449325562,high,21.094022750854492,21.34425163269043,nose,hair,-0.045114509761333466,0.37142857142857144,True,True,True,
hda_f_125,female_impostor,nonmatch,0.2709077298641205,0.3148266077041626,non-match,Y,-0.043918877840042114,low,21.831125259399414,19.024145126342773,l_brow,skin,-0.3127863947302103,0.4523809523809524,True,True,True,
hda_f_126,female_impostor,nonmatch,0.16046643257141113,0.3148266077041626,non-match,Y,-0.15436017513275146,high,25.199058532714844,20.26870346069336,nose,skin,-0.018688175827264786,0.7857142857142857,True,True,True,
hda_f_127,female_impostor,nonmatch,0.3602895736694336,0.3148266077041626,match,N,0.045462965965270996,low,22.7579345703125,19.651391983032227,skin,-,0.5240350384265184,0.30952380952380953,True,True,True,
hda_f_128,female_impostor,nonmatch,0.15701135993003845,0.3148266077041626,non-match,Y,-0.15781524777412415,high,20.354904174804688,22.4261531829834,l_eye,skin,-0.11632570996880531,0.6904761904761905,True,True,True,
hda_f_129,female_impostor,nonmatch,0.32036614418029785,0.3148266077041626,match,N,0.005539536476135254,low,19.451745986938477,18.622093200683594,skin,r_eye,0.2913900911808014,0.47619047619047616,True,True,True,
hda_f_130,female_impostor,nonmatch,0.26513150334358215,0.3148266077041626,non-match,Y,-0.049695104360580444,low,20.65815544128418,23.93952751159668,nose,skin,-0.21263989061117172,0.23809523809523808,True,True,True,
hda_f_131,female_impostor,nonmatch,0.21258074045181274,0.3148266077041626,non-match,Y,-0.10224586725234985,medium,19.19737434387207,22.514671325683594,l_brow,skin,-0.27771584317088127,0.9285714285714286,True,True,True,
hda_f_132,female_impostor,nonmatch,0.21642166376113892,0.3148266077041626,non-match,Y,-0.09840494394302368,medium,21.982126235961914,21.291515350341797,mouth,skin,-0.3229204434901476,0.6666666666666666,True,True,True,
hda_f_133,female_impostor,nonmatch,0.2269037961959839,0.3148266077041626,non-match,Y,-0.08792281150817871,medium,21.129793167114258,22.62616729736328,r_eye,skin,-0.18623381108045578,0.9285714285714286,True,True,True,
hda_f_134,female_impostor,nonmatch,0.2429315149784088,0.3148266077041626,non-match,Y,-0.07189509272575378,medium,22.266925811767578,24.770437240600586,-,skin,-0.246568463742733,0.7857142857142857,True,True,True,
hda_f_135,female_impostor,nonmatch,0.24942705035209656,0.3148266077041626,non-match,Y,-0.06539955735206604,medium,18.880022048950195,22.141712188720703,hair,skin,-0.3384497221559286,0.8809523809523809,True,True,True,
hda_f_136,female_impostor,nonmatch,0.18509314954280853,0.3148266077041626,non-match,Y,-0.12973345816135406,medium,22.216218948364258,21.624095916748047,l_brow,mouth,-0.14040303602814674,0.4857142857142857,True,True,True,
hda_f_137,female_impostor,nonmatch,0.3757483959197998,0.3148266077041626,match,N,0.06092178821563721,medium,21.428579330444336,21.64533805847168,skin,nose,0.3390229195356369,0.47619047619047616,True,True,True,
hda_f_138,female_impostor,nonmatch,-0.0028305016458034515,0.3148266077041626,non-match,Y,-0.31765710934996605,high,19.15118408203125,22.921483993530273,nose,mouth,-0.011685955338180065,-0.03571428571428571,True,True,True,
hda_f_139,female_impostor,nonmatch,0.3148237466812134,0.3148266077041626,non-match,Y,-2.86102294921875e-06,low,19.117544174194336,22.462203979492188,-,skin,-0.230916827917099,0.03571428571428571,True,True,True,
hda_f_140,female_impostor,nonmatch,0.12215437740087509,0.3148266077041626,non-match,Y,-0.1926722303032875,high,12.433175086975098,22.726526260375977,nose,r_brow,-0.050614453852176666,0.7380952380952381,True,True,True,
hda_f_141,female_impostor,nonmatch,0.4163259267807007,0.3148266077041626,match,N,0.10149931907653809,medium,20.441652297973633,20.534765243530273,skin,r_eye,0.40460679680109024,0.37142857142857144,True,True,True,
hda_f_142,female_impostor,nonmatch,0.3451315462589264,0.3148266077041626,match,N,0.030304938554763794,low,20.243661880493164,23.552356719970703,skin,r_brow,0.2622041590511799,0.047619047619047616,True,True,True,
hda_f_143,female_impostor,nonmatch,0.3142317831516266,0.3148266077041626,non-match,Y,-0.0005948245525360107,low,24.01991081237793,22.205116271972656,r_eye,skin,-0.33044400066137314,1.0,True,True,True,
hda_f_144,female_impostor,nonmatch,0.2026255875825882,0.3148266077041626,non-match,Y,-0.1122010201215744,medium,16.918764114379883,20.13304901123047,r_eye,skin,-0.18634822964668274,0.7142857142857143,True,True,True,
hda_f_145,female_impostor,nonmatch,0.11409834027290344,0.3148266077041626,non-match,Y,-0.20072826743125916,high,19.293489456176758,16.83852767944336,nose,r_eye,0.0067557357251644135,0.8285714285714286,True,True,True,
hda_f_146,female_impostor,nonmatch,0.2651919722557068,0.3148266077041626,non-match,Y,-0.04963463544845581,low,20.106632232666016,22.824399948120117,r_eye,skin,-0.2822423614561558,0.7380952380952381,True,True,True,
hda_f_147,female_impostor,nonmatch,0.5006600022315979,0.3148266077041626,match,N,0.1858333945274353,high,22.49884605407715,26.53921127319336,skin,hair,0.5554265975952148,0.7380952380952381,True,True,True,
hda_f_148,female_impostor,nonmatch,0.32135629653930664,0.3148266077041626,match,N,0.006529688835144043,low,21.23621368408203,23.672901153564453,skin,mouth,0.2909936085343361,0.8571428571428571,True,True,True,
hda_f_149,female_impostor,nonmatch,0.3115025758743286,0.3148266077041626,non-match,Y,-0.0033240318298339844,low,20.76277732849121,21.68033790588379,nose,skin,-0.22139401733875275,0.14285714285714285,True,True,True,
hda_f_150,female_impostor,nonmatch,0.27019932866096497,0.3148266077041626,non-match,Y,-0.04462727904319763,low,22.305927276611328,17.348657608032227,l_brow,skin,-0.2256978452205658,0.8095238095238095,True,True,True,
hda_f_151,female_impostor,nonmatch,0.34688499569892883,0.3148266077041626,match,N,0.032058387994766235,low,18.58930206298828,21.38617515563965,skin,hair,0.37810250744223595,0.42857142857142855,True,True,True,
hda_f_152,female_impostor,nonmatch,0.5109847784042358,0.3148266077041626,match,N,0.19615817070007324,high,21.300857543945312,18.468490600585938,skin,mouth,0.44681304693222046,0.8809523809523809,True,True,True,
hda_f_153,female_impostor,nonmatch,0.21499036252498627,0.3148266077041626,non-match,Y,-0.09983624517917633,medium,15.454907417297363,21.43379783630371,l_eye,skin,-0.1513352319598198,0.14285714285714285,True,True,True,
hda_f_154,female_impostor,nonmatch,0.08157109469175339,0.3148266077041626,non-match,Y,-0.2332555130124092,high,20.456157684326172,18.271879196166992,nose,mouth,0.03204741328954697,0.40476190476190477,True,True,True,
hda_f_155,female_impostor,nonmatch,0.1563926637172699,0.3148266077041626,non-match,Y,-0.1584339439868927,high,21.71434783935547,18.725923538208008,nose,hair,0.027266725897789,0.5714285714285714,True,True,True,
hda_f_156,female_impostor,nonmatch,0.27534759044647217,0.3148266077041626,non-match,Y,-0.03947901725769043,low,20.62391471862793,21.270671844482422,r_brow,skin,-0.311678871512413,0.6071428571428571,True,True,True,
hda_f_157,female_impostor,nonmatch,0.1819034218788147,0.3148266077041626,non-match,Y,-0.1329231858253479,medium,20.290708541870117,21.983491897583008,l_eye,skin,-0.16944008320569992,0.0,True,True,True,
hda_f_158,female_impostor,nonmatch,0.08446618169546127,0.3148266077041626,non-match,Y,-0.23036042600870132,high,26.767854690551758,22.01081657409668,l_eye,hair,-0.038059549406170845,0.7142857142857143,True,True,True,
hda_f_159,female_impostor,nonmatch,0.21421407163143158,0.3148266077041626,non-match,Y,-0.10061253607273102,medium,23.600162506103516,21.164953231811523,l_brow,skin,-0.1455277055501938,0.023809523809523808,True,True,True,
hda_f_160,female_impostor,nonmatch,0.19282522797584534,0.3148266077041626,non-match,Y,-0.12200137972831726,medium,23.578210830688477,18.97148323059082,-,skin,-0.33007754758000374,0.6428571428571429,True,True,True,
hda_f_161,female_impostor,nonmatch,0.139126718044281,0.3148266077041626,non-match,Y,-0.1756998896598816,high,25.113988876342773,22.706632614135742,nose,skin,-0.006929636001586914,0.6071428571428571,True,True,True,
hda_f_162,female_impostor,nonmatch,0.27411261200904846,0.3148266077041626,non-match,Y,-0.040713995695114136,low,20.998573303222656,22.12664031982422,mouth,skin,-0.30269818287342787,0.5476190476190477,True,True,True,
hda_f_163,female_impostor,nonmatch,0.02790471538901329,0.3148266077041626,non-match,Y,-0.2869218923151493,high,24.69891357421875,22.193220138549805,skin,nose,-0.012618955224752426,0.42857142857142855,True,True,True,
hda_f_164,female_impostor,nonmatch,0.2652336061000824,0.3148266077041626,non-match,Y,-0.0495930016040802,low,20.538414001464844,20.156042098999023,nose,skin,-0.10676824301481247,0.7142857142857143,True,True,True,
hda_f_165,female_impostor,nonmatch,0.06118738651275635,0.3148266077041626,non-match,Y,-0.25363922119140625,high,22.084867477416992,22.949373245239258,nose,skin,-0.05016814358532429,0.8333333333333334,True,True,True,
hda_f_166,female_impostor,nonmatch,0.14789921045303345,0.3148266077041626,non-match,Y,-0.16692739725112915,high,24.864091873168945,23.292543411254883,r_brow,skin,-0.1405371129512787,0.35714285714285715,True,True,True,
hda_f_167,female_impostor,nonmatch,0.07100903242826462,0.3148266077041626,non-match,Y,-0.24381757527589798,high,21.427812576293945,19.672405242919922,nose,skin,-0.05705950129777193,0.9428571428571428,True,True,True,
hda_f_168,female_impostor,nonmatch,0.1864149421453476,0.3148266077041626,non-match,Y,-0.128411665558815,medium,20.89616584777832,20.70780372619629,hair,skin,-0.2718034414574504,0.7142857142857143,True,True,True,
hda_f_169,female_impostor,nonmatch,0.41628867387771606,0.3148266077041626,match,N,0.10146206617355347,medium,23.51846694946289,19.931081771850586,skin,l_brow,0.4757349379360676,0.35714285714285715,True,True,True,
hda_f_170,female_impostor,nonmatch,0.2619216740131378,0.3148266077041626,non-match,Y,-0.05290493369102478,medium,20.318017959594727,21.484527587890625,l_eye,skin,-0.16048206388950348,0.5,True,True,True,
hda_f_171,female_impostor,nonmatch,0.05388280749320984,0.3148266077041626,non-match,Y,-0.26094380021095276,high,21.057889938354492,21.86176300048828,l_brow,skin,-0.15319356881082058,0.6666666666666666,True,True,True,
hda_f_172,female_impostor,nonmatch,0.23888584971427917,0.3148266077041626,non-match,Y,-0.07594075798988342,medium,21.713802337646484,20.271434783935547,nose,skin,-0.1286259889602661,0.8809523809523809,True,True,True,
hda_f_173,female_impostor,nonmatch,0.1892501562833786,0.3148266077041626,non-match,Y,-0.125576451420784,medium,21.519760131835938,21.44869041442871,nose,skin,-0.2066213246434927,0.35714285714285715,True,True,True,
hda_f_174,female_impostor,nonmatch,0.1344449520111084,0.3148266077041626,non-match,Y,-0.1803816556930542,high,20.700382232666016,17.997663497924805,nose,skin,-0.06330783385783434,-0.21428571428571427,True,True,True,
hda_f_175,female_impostor,nonmatch,0.1487857848405838,0.3148266077041626,non-match,Y,-0.1660408228635788,high,19.902658462524414,19.25678825378418,nose,r_brow,0.01948206126689911,0.7142857142857143,True,True,True,
hda_f_176,female_impostor,nonmatch,0.30816370248794556,0.3148266077041626,non-match,Y,-0.006662905216217041,low,21.047311782836914,20.097503662109375,mouth,skin,-0.3618774190545082,0.9428571428571428,True,True,True,
hda_f_177,female_impostor,nonmatch,0.19577626883983612,0.3148266077041626,non-match,Y,-0.11905033886432648,medium,23.742340087890625,19.90918731689453,l_brow,skin,-0.13290360942482948,0.023809523809523808,True,True,True,
hda_f_178,female_impostor,nonmatch,0.01207241415977478,0.3148266077041626,non-match,Y,-0.3027541935443878,high,20.236671447753906,18.724721908569336,l_eye,skin,0.058508440386503935,0.2857142857142857,True,True,True,
hda_f_179,female_impostor,nonmatch,0.10268302261829376,0.3148266077041626,non-match,Y,-0.21214358508586884,high,20.422544479370117,19.41193389892578,-,skin,-0.20719308033585548,0.3333333333333333,True,True,True,
hda_f_180,female_impostor,nonmatch,0.038687240332365036,0.3148266077041626,non-match,Y,-0.27613936737179756,high,22.772079467773438,21.396530151367188,l_eye,mouth,0.07440560311079025,-0.14285714285714285,True,True,True,
hda_f_181,female_impostor,nonmatch,0.061983902007341385,0.3148266077041626,non-match,Y,-0.2528427056968212,high,21.100971221923828,19.15367317199707,mouth,skin,-0.07472388073801994,0.6904761904761905,True,True,True,
hda_f_182,female_impostor,nonmatch,0.09059258550405502,0.3148266077041626,non-match,Y,-0.22423402220010757,high,20.282100677490234,21.50343132019043,nose,l_brow,-0.09228411689400673,0.5476190476190477,True,True,True,
hda_f_183,female_impostor,nonmatch,0.31059008836746216,0.3148266077041626,non-match,Y,-0.0042365193367004395,low,21.50343132019043,15.494043350219727,l_brow,skin,-0.40236711129546165,0.09523809523809523,True,True,True,
hda_f_184,female_impostor,nonmatch,0.21305811405181885,0.3148266077041626,non-match,Y,-0.10176849365234375,medium,23.811119079589844,22.035093307495117,l_brow,skin,-0.27202387899160385,0.7857142857142857,True,True,True,
hda_f_185,female_impostor,nonmatch,0.13519805669784546,0.3148266077041626,non-match,Y,-0.17962855100631714,high,18.791244506835938,21.24275016784668,r_eye,skin,-0.17235352657735348,0.7142857142857143,True,True,True,
hda_f_186,female_impostor,nonmatch,0.20162193477153778,0.3148266077041626,non-match,Y,-0.11320467293262482,medium,20.69333839416504,22.97740364074707,l_eye,skin,-0.28541952930390835,0.9285714285714286,True,True,True,
hda_f_187,female_impostor,nonmatch,0.45971497893333435,0.3148266077041626,match,N,0.14488837122917175,medium,21.630273818969727,23.984254837036133,skin,hair,0.4923497885465622,0.9047619047619048,True,True,True,
hda_f_188,female_impostor,nonmatch,0.2876424789428711,0.3148266077041626,non-match,Y,-0.027184128761291504,low,20.28584098815918,21.376619338989258,r_brow,skin,-0.40322231128811836,0.7380952380952381,True,True,True,
hda_f_189,female_impostor,nonmatch,0.27949947118759155,0.3148266077041626,non-match,Y,-0.035327136516571045,low,22.011131286621094,21.641395568847656,l_brow,skin,-0.2936008460819721,0.8809523809523809,True,True,True,
hda_f_190,female_impostor,nonmatch,0.13083915412425995,0.3148266077041626,non-match,Y,-0.18398745357990265,high,18.861276626586914,21.969188690185547,nose,skin,-0.11698503978550434,0.8809523809523809,True,True,True,
hda_f_191,female_impostor,nonmatch,0.19523444771766663,0.3148266077041626,non-match,Y,-0.11959215998649597,medium,20.548357009887695,20.66701316833496,l_brow,skin,-0.22186371963471174,0.30952380952380953,True,True,True,
hda_f_192,female_impostor,nonmatch,0.09500586241483688,0.3148266077041626,non-match,Y,-0.21982074528932571,high,20.22603416442871,20.56073760986328,l_brow,skin,-0.10675729624927044,0.5714285714285714,True,True,True,
hda_f_193,female_impostor,nonmatch,0.1464964896440506,0.3148266077041626,non-match,Y,-0.168330118060112,high,21.3939266204834,20.566959381103516,hair,skin,-0.17362732207402587,0.5952380952380952,True,True,True,
hda_f_194,female_impostor,nonmatch,0.12092505395412445,0.3148266077041626,non-match,Y,-0.19390155375003815,high,22.80800437927246,20.558307647705078,l_brow,skin,-0.1330627053976059,0.8095238095238095,True,True,True,
hda_f_195,female_impostor,nonmatch,0.20325320959091187,0.3148266077041626,non-match,Y,-0.11157339811325073,medium,22.868629455566406,20.82277488708496,nose,skin,-0.13981470558792353,0.7619047619047619,True,True,True,
hda_f_196,female_impostor,nonmatch,0.21905604004859924,0.3148266077041626,non-match,Y,-0.09577056765556335,medium,23.165931701660156,23.4440975189209,r_brow,skin,-0.14001188427209854,0.38095238095238093,True,True,True,
hda_f_197,female_impostor,nonmatch,0.1716751754283905,0.3148266077041626,non-match,Y,-0.1431514322757721,medium,19.9212646484375,21.016983032226562,l_brow,skin,-0.19177506491541862,0.40476190476190477,True,True,True,
hda_f_198,female_impostor,nonmatch,0.11415427178144455,0.3148266077041626,non-match,Y,-0.20067233592271805,high,20.491594314575195,22.198843002319336,nose,skin,-0.08116321172565222,0.6904761904761905,True,True,True,
hda_f_199,female_impostor,nonmatch,0.2509666085243225,0.3148266077041626,non-match,Y,-0.06385999917984009,medium,20.555177688598633,21.663116455078125,nose,skin,-0.1367577686905861,0.3333333333333333,True,True,True,
hda_f_200,female_impostor,nonmatch,0.3140186071395874,0.3148266077041626,non-match,Y,-0.0008080005645751953,low,21.906906127929688,23.952857971191406,-,skin,-0.38672839291393757,0.14285714285714285,True,True,True,
