pair_id,category,ground_truth,s0,decision,decision_margin,confidence_label,abs_A_top_minus_bottom,abs_A_top_vs_bottom,abs_A_random_vs_bottom,abs_A_top_beats_random,abs_B_top_minus_bottom,abs_B_top_vs_bottom,abs_B_random_vs_bottom,abs_B_top_beats_random,sup_A_top_minus_bottom,sup_A_top_vs_bottom,sup_B_top_minus_bottom,sup_B_top_vs_bottom,sup_all_same_sign,dir_n_directional,dir_insufficient,dir_flag,dir_top_minus_bottom,dir_top_vs_bottom,dir_top_beats_random,rho_gc_mean_gray,rho_gc_norm_gray,rho_gc_sum_gray,rho_gc_mean_blur,n_parts_abs,top_gc_part,top_abs_gray,top_abs_blur,top_sup_gray,top_sup_blur,s0_warning,gradcam_error,error
lfw_match_001,lfw_eval,match,0.8148,match,0.4999,high,0.0306,2.8261,1.9131,True,0.0882,2.0525,1.5263,True,0.0306,2.8261,0.0882,2.0525,True,6,False,,0.0306,2.8261,True,0.3143,-0.0857,0.6000,-0.6000,6,hair,skin,skin,skin,skin,,,
lfw_match_002,lfw_eval,match,0.0494,non-match,-0.2655,high,,,,,,,,,,,,,False,1,True,,,,,-0.5000,0.5000,0.5000,0.5000,3,mouth,hair,skin,skin,skin,,,
lfw_match_003,lfw_eval,match,0.4785,match,0.1637,high,0.0571,9.6308,5.6396,True,0.1359,5.5545,3.0127,True,0.0597,15.6863,0.1379,5.9537,False,6,False,,0.0419,2.9154,True,-0.3571,-0.3929,0.6786,-0.4643,7,l_brow,skin,skin,skin,skin,,,
lfw_match_004,lfw_eval,match,0.6698,match,0.3550,high,0.0576,12.3969,5.5406,True,0.1808,14.6057,6.6202,True,0.0576,12.3969,0.1810,14.8452,False,7,False,,0.0593,18.8846,True,0.0476,0.4524,0.9286,-0.3333,8,r_eye,skin,skin,skin,skin,,,
lfw_match_005,lfw_eval,match,0.5429,match,0.2281,high,0.0134,2.3002,2.2524,True,0.0979,3.8876,1.9016,True,0.0216,-100.1765,0.1119,6.6074,False,6,False,,-0.0066,0.7743,False,0.5476,0.3095,0.8810,0.0476,8,l_brow,skin,nose,skin,nose,,,
lfw_match_006,lfw_eval,match,0.5238,match,0.2090,high,0.0263,4.0462,2.5231,True,0.0607,4.5905,2.7953,True,0.0210,3.4336,0.0607,4.5905,True,6,False,,0.0237,3.7399,True,-0.0286,-0.5429,0.5429,-0.4286,6,hair,skin,skin,skin,skin,,,
lfw_match_007,lfw_eval,match,0.6860,match,0.3712,high,0.0347,4.0252,2.3556,True,0.1193,7.0494,3.5623,True,0.0430,14.2997,0.1405,-93.6654,False,5,True,,,,,-0.0714,-0.7500,0.1786,0.2500,7,hair,skin,skin,skin,skin,,,
lfw_match_008,lfw_eval,match,0.1617,non-match,-0.1531,high,0.0050,1.5226,1.3758,True,0.0305,6.4693,4.0965,True,0.0150,-0.0589,0.0465,-0.5860,False,5,True,,,,,-0.4286,-0.0357,0.3929,-0.3929,7,l_brow,skin,skin,r_brow,r_brow,,,
lfw_match_009,lfw_eval,match,0.6069,match,0.2920,high,0.0284,2.7760,1.7399,True,0.1268,15.7662,7.5398,True,0.0317,3.4822,0.1296,23.2320,False,6,False,,0.0255,2.3479,True,-0.2500,0.7857,0.7857,-0.0357,7,l_eye,skin,skin,skin,skin,,,
lfw_match_010,lfw_eval,match,0.5553,match,0.2405,high,0.0506,9.0977,4.4044,True,0.1455,24.4557,10.4708,True,0.0515,10.6507,0.1455,24.4557,False,7,False,,0.0555,40.8845,True,0.0000,-0.3571,0.4286,0.0476,8,l_brow,skin,nose,skin,nose,,,
lfw_match_011,lfw_eval,match,0.6626,match,0.3478,high,0.0579,9.7787,4.6984,True,0.1772,11.0945,5.5443,True,0.0606,16.4862,0.1810,14.1961,False,6,False,,0.0581,9.9689,True,-0.2857,-0.6071,0.4286,-0.2857,7,mouth,skin,skin,skin,skin,,,
lfw_match_012,lfw_eval,match,0.7623,match,0.4475,high,0.0552,27.5731,11.0190,True,0.1323,5.5432,2.5181,True,0.0545,36.9696,0.1323,5.5432,False,7,False,,0.0541,22.6769,True,0.8024,0.3593,0.9701,0.6467,8,nose,skin,skin,skin,skin,,,
lfw_match_013,lfw_eval,match,0.4024,match,0.0875,medium,0.0265,7.4997,4.2498,True,0.0819,4.7748,2.8874,True,0.0343,-8.2282,0.1075,-26.1106,False,4,True,,,,,0.1429,-0.5429,0.2571,0.0286,6,skin,skin,skin,skin,skin,,,
lfw_match_014,lfw_eval,match,0.4634,match,0.1485,medium,0.0215,2.8586,1.7543,True,0.1119,16.3804,7.7883,True,0.0259,4.6178,0.1106,25.7222,False,5,True,,,,,0.1071,-0.5714,0.6429,0.0000,7,mouth,skin,skin,skin,skin,,,
lfw_match_015,lfw_eval,match,0.3870,match,0.0722,medium,0.0299,9.0360,5.0180,True,0.0862,9.0778,5.0389,True,0.0357,-16.3182,0.0993,-39.3915,False,4,True,,,,,-0.4857,0.7143,0.8857,-0.1429,6,l_eye,skin,skin,skin,skin,,,
lfw_match_016,lfw_eval,match,0.5044,match,0.1896,high,0.0100,1.7568,1.3784,True,0.0317,2.4860,1.7430,True,0.0339,-2.1786,0.0312,2.4490,True,6,False,,0.0220,18.1509,True,0.4638,0.4638,0.9276,-0.1160,6,mouth,skin,skin,skin,skin,,,
lfw_match_017,lfw_eval,match,0.7111,match,0.3963,high,0.0291,2.6282,1.8141,True,0.1414,5.9933,3.4966,True,0.0291,2.6282,0.1414,5.9933,True,6,False,,0.0291,2.6282,True,-0.2571,-0.0286,-0.0857,-0.3714,6,r_brow,skin,nose,skin,nose,,,
lfw_match_018,lfw_eval,match,0.3384,match,0.0236,low,,,,,,,,,,,,,False,4,True,,,,,-0.6000,-0.4000,0.9000,-0.4000,5,l_brow,skin,nose,skin,nose,,,
lfw_match_019,lfw_eval,match,0.5222,match,0.2074,high,0.0646,6.1415,4.3203,True,0.1974,10.5754,5.1620,True,0.0758,56.7287,0.2003,12.2725,False,7,False,,0.0619,5.0605,True,0.2196,-0.4636,0.7563,0.5611,8,mouth,skin,mouth,skin,mouth,,,
lfw_match_020,lfw_eval,match,0.3277,match,0.0129,low,0.0416,4.1299,2.5649,True,0.1282,4.9086,2.9543,True,0.0416,4.1299,0.1117,4.4056,False,5,True,,,,,0.8286,0.4286,0.8286,0.6000,6,nose,skin,skin,skin,skin,,,
lfw_match_021,lfw_eval,match,0.0401,non-match,-0.2747,high,-0.0041,0.5562,0.6338,False,0.0240,3.5015,2.0968,True,-0.0085,13.1226,0.0206,0.3608,False,1,True,,,,,0.3810,0.2857,0.0476,-0.0238,8,r_brow,hair,skin,skin,r_eye,,,
lfw_match_022,lfw_eval,match,0.1193,non-match,-0.1955,high,0.0123,7.9659,5.0832,True,0.0549,17.3033,8.7700,True,0.0084,-0.7327,-0.0002,1.0096,False,6,False,,0.0060,11.6063,True,-0.4762,0.8095,1.0000,-0.6905,8,r_eye,skin,hair,nose,mouth,,,
lfw_match_023,lfw_eval,match,0.4657,match,0.1508,high,,,,,,,,,,,,,False,4,True,,,,,0.3000,-0.3000,0.6000,-0.7000,5,skin,hair,l_brow,hair,l_brow,,,
lfw_match_024,lfw_eval,match,0.2819,non-match,-0.0329,low,0.0268,10.9594,5.8058,True,0.1396,45.5334,18.8310,True,0.0383,-0.3150,0.1548,-0.2160,False,4,True,,,,,0.9341,0.0599,0.9581,0.9461,8,hair,skin,skin,nose,nose,,,
lfw_match_025,lfw_eval,match,0.4978,match,0.1830,high,,,,,,,,,,,,,True,5,True,all_negative_match,,,,0.3000,0.1000,0.9000,0.5000,5,nose,hair,skin,hair,skin,,,
lfw_match_026,lfw_eval,match,0.4453,match,0.1304,medium,0.0149,1.7184,1.1766,True,0.1201,11.1998,6.2077,True,0.0455,-3.5842,0.1437,-11.1998,False,4,True,,,,,0.8214,0.2857,0.9643,0.1786,7,mouth,skin,skin,skin,skin,,,
lfw_match_027,lfw_eval,match,0.4677,match,0.1529,high,0.0060,1.6216,1.1428,True,-0.0763,0.2984,0.6591,False,0.0026,1.2680,-0.0763,0.2984,True,7,False,,0.0043,1.4448,True,-0.2857,-0.6786,0.7143,-0.7857,7,hair,skin,nose,skin,nose,,,
lfw_match_028,lfw_eval,match,0.2701,non-match,-0.0447,low,0.0226,3.4791,2.1281,True,0.0902,5.9099,2.9738,True,0.0313,0.0132,0.1133,-0.0442,False,3,True,,,,,0.1786,-0.5357,0.6429,0.5714,7,hair,skin,skin,mouth,l_brow,,,
lfw_match_029,lfw_eval,match,0.6178,match,0.3029,high,0.0406,10.7241,5.3817,True,0.1462,6.4220,3.2183,True,0.0440,57.3046,0.1466,6.5155,False,6,False,,0.0388,7.5163,True,-0.3571,0.4286,0.8929,-0.3929,7,mouth,skin,skin,skin,skin,,,
lfw_match_030,lfw_eval,match,0.4184,match,0.1036,medium,0.0026,1.3420,1.2096,True,0.0832,13.3548,6.9143,True,0.0057,35.9394,0.1025,14.0890,False,7,False,,0.0070,4.2852,True,-0.5952,-0.2381,0.2857,0.0952,8,l_brow,skin,skin,skin,skin,,,
lfw_match_031,lfw_eval,match,0.4640,match,0.1492,medium,0.0288,7.9461,5.5505,True,0.0844,7.7723,4.1105,True,0.0338,-39.7112,0.0853,8.3644,True,8,False,,0.0313,19.8677,True,0.6429,-0.5238,0.8333,0.4048,8,hair,skin,nose,skin,nose,,,
lfw_match_032,lfw_eval,match,0.5309,match,0.2160,high,0.0283,3.5703,1.8804,True,0.1318,6.2119,3.3569,True,0.0217,7.9000,0.0894,2.4654,True,8,False,,0.0250,4.5341,True,-0.0238,0.0714,0.9524,-0.3810,8,mouth,skin,skin,skin,skin,,,
lfw_match_033,lfw_eval,match,0.5628,match,0.2479,high,0.0243,2.8893,1.5132,True,0.1447,17.4622,8.0356,True,0.0260,-20.6693,0.1087,4.0899,False,6,False,,0.0214,3.2285,True,-0.5238,0.1429,0.8333,0.1667,8,r_eye,skin,skin,skin,skin,,,
lfw_match_034,lfw_eval,match,0.3330,match,0.0182,low,0.0094,2.5418,1.8541,True,0.0352,1.9188,1.1285,True,0.0187,-2.7218,0.0370,10.2912,False,5,True,,,,,0.6905,-0.5238,0.7619,0.0714,8,hair,hair,nose,hair,r_brow,,,
lfw_match_035,lfw_eval,match,0.6317,match,0.3169,high,,,,,,,,,,,,,False,4,True,,,,,0.9000,-0.3000,0.9000,0.5000,5,hair,hair,skin,hair,skin,,,
lfw_match_036,lfw_eval,match,0.4866,match,0.1718,high,,,,,,,,,,,,,True,5,True,all_negative_match,,,,-0.3000,-0.5000,0.6000,0.5000,5,nose,hair,skin,hair,skin,,,
lfw_match_037,lfw_eval,match,0.5076,match,0.1928,high,0.0291,4.9990,2.9995,True,0.0230,1.6139,1.3069,True,0.0304,8.5930,0.0401,2.9796,False,5,True,,,,,0.0286,-0.4286,0.1429,-0.4286,6,mouth,nose,hair,nose,hair,,,
lfw_match_038,lfw_eval,match,0.6263,match,0.3115,high,0.0285,3.1656,2.0828,True,0.0156,1.4125,1.2063,True,0.0198,2.5073,0.0156,1.4125,True,6,False,,0.0241,2.8365,True,0.0286,-0.0286,0.4286,-0.1429,6,skin,nose,nose,nose,nose,,,
lfw_match_039,lfw_eval,match,0.5140,match,0.1991,high,-0.0168,0.2976,0.6488,False,-0.0360,0.3878,0.6939,False,-0.0193,0.1970,-0.0360,0.3878,True,6,False,,-0.0181,0.2473,False,0.6000,0.0857,0.6571,-0.2571,6,hair,skin,nose,skin,nose,,,
lfw_match_040,lfw_eval,match,0.7231,match,0.4083,high,0.0176,3.9306,2.4653,True,0.1352,5.7377,3.3688,True,0.0214,-57.6532,0.1352,5.7377,True,6,False,,0.0195,7.9131,True,0.4286,-0.3714,0.5429,0.6000,6,hair,skin,skin,skin,skin,,,
lfw_match_041,lfw_eval,match,0.3952,match,0.0803,medium,0.0056,1.3915,0.9303,True,0.1028,12.1661,5.2201,True,-0.0195,-0.6241,-0.1007,0.0064,False,4,True,,,,,0.2036,0.0240,0.4910,-0.0479,8,l_eye,skin,nose,skin,nose,,,
lfw_match_042,lfw_eval,match,0.2336,non-match,-0.0812,medium,0.0067,1.6946,1.1965,True,0.0605,3.6758,2.0169,True,0.0029,0.6102,0.0530,0.0110,False,3,True,,,,,-0.0238,0.2143,0.3333,0.5952,8,mouth,skin,skin,hair,mouth,,,
lfw_match_043,lfw_eval,match,0.1890,non-match,-0.1259,medium,0.0082,3.4795,2.2397,True,0.0212,1.4816,1.2408,True,0.0149,-0.6601,0.1021,-0.0257,False,1,True,,,,,0.7714,-0.6000,0.9429,0.3143,6,hair,skin,skin,nose,nose,,,
lfw_match_044,lfw_eval,match,0.6290,match,0.3141,high,0.0264,1.9926,1.3674,True,0.1332,4.1977,2.2425,True,0.0264,1.9926,0.1332,4.1977,False,6,False,,0.0278,2.1030,True,-0.2500,0.8929,0.5714,0.3571,7,r_eye,skin,skin,skin,skin,,,
lfw_match_045,lfw_eval,match,0.4822,match,0.1673,high,0.0627,6.9152,3.4540,True,0.1061,3.7144,2.0480,True,0.0552,6.2075,0.1061,3.7144,True,8,False,,0.0589,6.5614,True,0.4524,0.7143,0.5714,0.0714,8,mouth,skin,skin,skin,skin,,,
lfw_match_046,lfw_eval,match,0.4205,match,0.1057,medium,0.0168,1.8841,1.4421,True,-0.0459,0.5809,0.7904,False,0.0047,1.2480,-0.0459,0.5809,True,6,False,,0.0108,1.5661,True,0.2000,0.1429,0.6000,0.3143,6,nose,skin,nose,skin,nose,,,
lfw_match_047,lfw_eval,match,0.1831,non-match,-0.1317,medium,0.0095,2.5241,1.7620,True,0.0792,14.2655,7.6327,True,0.0072,0.3699,0.0697,0.0455,False,2,True,,,,,0.3143,0.2000,0.8286,0.3143,6,nose,skin,skin,nose,r_brow,,,
lfw_match_048,lfw_eval,match,0.6177,match,0.3029,high,0.0955,12.3925,5.5087,True,0.2025,8.7349,3.9904,True,0.0990,21.3958,0.2025,8.7349,True,8,False,,0.0972,15.6946,True,0.2857,0.2381,0.7143,0.2857,8,l_eye,skin,skin,skin,skin,,,
lfw_match_049,lfw_eval,match,0.1227,non-match,-0.1921,high,0.0036,1.4871,1.3405,True,0.0281,2.9427,1.7420,True,0.0084,0.4272,0.0467,-0.2050,False,2,True,,,,,-0.3929,-0.2500,0.4286,-0.3214,7,r_brow,hair,hair,skin,l_brow,,,
lfw_match_050,lfw_eval,match,0.3725,match,0.0577,medium,0.0309,30.2982,14.9332,True,0.1190,8.9336,4.5103,True,0.0316,92.7400,0.1383,-31.3518,False,5,True,,,,,0.5000,-0.1071,0.8571,0.4643,7,mouth,skin,skin,skin,skin,,,
lfw_match_051,lfw_eval,match,0.3780,match,0.0631,medium,0.0240,6.5185,3.3605,True,0.1273,10.8471,5.0949,True,0.0246,7.5476,0.1365,37.3929,False,5,True,,,,,0.1786,-0.6429,0.5714,0.6786,7,mouth,hair,skin,hair,skin,,,
lfw_match_052,lfw_eval,match,0.5986,match,0.2838,high,0.0521,10.4481,5.7240,True,0.1019,3.1343,2.0671,True,0.0522,16.4264,0.1019,3.1343,True,6,False,,0.0521,12.7200,True,0.2571,0.6571,0.8286,-0.7143,6,hair,skin,nose,skin,nose,,,
lfw_match_053,lfw_eval,match,0.5747,match,0.2599,high,0.0466,6.8886,3.4257,True,0.0093,1.0996,0.8327,True,0.0471,11.0725,0.0093,1.0996,True,8,False,,0.0468,8.4441,True,0.0714,-0.7619,0.4762,-0.1905,8,hair,skin,skin,skin,skin,,,
lfw_match_054,lfw_eval,match,0.1774,non-match,-0.1374,medium,0.0066,2.1138,1.5569,True,0.0467,8.6051,4.8025,True,0.0184,-0.2853,0.0539,-0.0211,False,2,True,,,,,-0.4286,0.1429,0.7714,-0.7714,6,nose,skin,hair,nose,nose,,,
lfw_match_055,lfw_eval,match,0.3475,match,0.0327,low,0.0434,6.4296,3.2433,True,0.0921,4.0244,2.5342,True,0.0490,22.0066,0.0921,4.0244,True,7,False,,0.0462,9.9516,True,0.5357,-0.6071,0.9643,0.7143,7,mouth,skin,mouth,skin,mouth,,,
lfw_match_056,lfw_eval,match,0.4328,match,0.1180,medium,0.0594,8.3726,4.0675,True,0.0663,1.9791,1.3193,True,0.0594,8.3726,0.0663,1.9791,True,7,False,,0.0594,8.3726,True,0.7857,-0.5714,1.0000,0.1071,7,hair,skin,skin,skin,skin,,,
lfw_match_057,lfw_eval,match,0.5559,match,0.2411,high,0.0331,7.1298,3.6776,True,0.1369,12.2795,5.7403,True,0.0400,-25.6412,0.1414,19.5370,True,7,False,,0.0365,19.7518,True,0.3214,0.0714,0.8214,0.3214,7,r_brow,skin,skin,skin,skin,,,
lfw_match_058,lfw_eval,match,0.4318,match,0.1170,medium,0.0354,7.8453,4.7994,True,0.1000,25.5176,15.2861,True,0.0458,-7.8453,0.1046,-190.4356,False,6,False,,0.0284,3.3338,True,-0.1071,0.0714,0.9643,-0.3929,7,l_eye,skin,skin,skin,skin,,,
lfw_match_059,lfw_eval,match,0.3521,match,0.0373,low,0.0158,5.4973,3.2487,True,0.0440,7.3529,4.1764,True,0.0220,-7.0043,0.0448,8.3007,False,5,True,,,,,0.2571,-0.3714,0.6000,-0.0857,6,hair,skin,skin,skin,skin,,,
lfw_match_060,lfw_eval,match,0.0240,non-match,-0.2908,high,,,,,,,,,,,,,False,2,True,,,,,0.6000,0.6000,0.2000,0.6000,5,hair,hair,skin,mouth,skin,,,
lfw_match_061,lfw_eval,match,-0.0145,non-match,-0.3293,high,,,,,,,,,,,,,False,2,True,,,,,0.4000,0.7000,0.7000,-0.5000,5,hair,skin,skin,skin,skin,,,
lfw_match_062,lfw_eval,match,0.3890,match,0.0742,medium,0.0254,7.0143,4.0072,True,0.0837,10.1228,5.5614,True,-0.0068,39.9959,-0.0249,0.5698,False,5,True,,,,,0.5429,-0.2571,0.6571,0.7714,6,hair,skin,skin,skin,hair,,,
lfw_match_063,lfw_eval,match,0.3720,match,0.0571,medium,0.0244,19.1420,10.0710,True,0.1385,65.0083,33.0041,True,0.0241,18.5667,0.1283,97.2379,False,4,True,,,,,-0.0857,-0.3143,0.6000,-0.0857,6,l_brow,skin,skin,skin,skin,,,
lfw_match_064,lfw_eval,match,0.3646,match,0.0498,low,0.0042,1.1524,1.0762,True,-0.0560,0.4264,0.7132,False,-0.0266,0.0418,-0.0560,0.4264,True,6,False,,-0.0112,0.5971,False,-0.5429,-0.6571,0.5429,0.1429,6,l_brow,skin,nose,skin,nose,,,
lfw_match_065,lfw_eval,match,0.5016,match,0.1868,high,0.0378,12.2696,6.7045,True,0.1049,4.0507,2.0106,True,0.0282,3.2422,0.0929,4.3907,False,6,False,,0.0358,7.9432,True,0.5834,-0.8118,0.5834,0.1142,8,skin,skin,skin,skin,skin,,,
lfw_match_066,lfw_eval,match,0.1679,non-match,-0.1469,medium,-0.0059,0.3735,0.5903,False,-0.0643,0.0727,0.4941,False,0.0051,-0.2361,-0.0277,-18.3617,False,3,True,,,,,0.1429,-0.3214,0.1071,0.2500,7,mouth,skin,hair,mouth,nose,,,
lfw_match_067,lfw_eval,match,0.2857,non-match,-0.0291,low,0.0426,8.5323,4.2163,True,0.1050,9.2306,4.2739,True,0.0577,-0.1965,0.1289,-0.0944,False,3,True,,,,,0.5000,0.1905,0.7857,0.7619,8,nose,skin,nose,l_brow,l_brow,,,
lfw_match_068,lfw_eval,match,0.0778,non-match,-0.2371,high,,,,,,,,,,,,,False,2,True,,,,,-0.6000,0.4000,1.0000,0.6000,4,mouth,skin,nose,skin,mouth,,,
lfw_match_069,lfw_eval,match,0.1909,non-match,-0.1240,medium,0.0032,1.3805,1.2490,True,0.0643,3.7033,2.0555,True,0.0091,0.3940,0.0730,0.0860,False,3,True,,,,,0.5714,-0.0714,0.4643,0.3214,7,hair,hair,hair,skin,nose,,,
lfw_match_070,lfw_eval,match,0.2497,non-match,-0.0651,medium,-0.0070,0.6271,0.8135,False,0.0628,2.9248,1.9624,True,-0.0272,-1.5422,-0.0921,-2.9078,False,4,True,,,,,-0.2000,-0.0286,0.8857,0.6571,6,l_brow,skin,l_brow,nose,skin,,,
lfw_match_071,lfw_eval,match,0.4835,match,0.1686,high,0.0190,2.1689,1.3558,True,0.0307,1.6783,1.0588,True,0.0495,-2.0840,0.0740,27.6666,False,6,False,,0.0331,27.2849,True,0.6905,0.0238,0.6190,0.1905,8,hair,skin,skin,skin,skin,,,
lfw_match_072,lfw_eval,match,0.4409,match,0.1261,medium,0.0146,6.9521,5.3125,True,0.0697,6.7555,4.1727,True,0.0247,15.1775,0.0429,2.1011,False,5,True,,,,,0.8095,-0.1905,0.5714,0.3810,8,hair,skin,skin,skin,skin,,,
lfw_match_073,lfw_eval,match,0.5128,match,0.1980,high,0.0206,2.7177,1.8588,True,0.1175,7.2784,4.1392,True,0.0305,15.8838,0.1264,13.8859,False,5,True,,,,,0.0286,0.4857,0.3143,0.2571,6,r_brow,skin,skin,skin,skin,,,
lfw_match_074,lfw_eval,match,0.5209,match,0.2061,high,0.0458,4.6042,2.8021,True,0.1141,3.8723,2.4362,True,0.0458,4.6042,0.1165,4.1293,False,5,True,,,,,0.2571,-0.6571,0.6000,0.0286,6,hair,skin,skin,skin,skin,,,
lfw_match_075,lfw_eval,match,0.5061,match,0.1912,high,0.0145,1.7470,1.4300,True,0.1696,8.4558,3.6556,True,0.0249,3.7258,0.1907,116.9292,False,5,True,,,,,0.6905,0.8333,0.5952,-0.1905,8,l_brow,skin,mouth,skin,mouth,,,
lfw_match_076,lfw_eval,match,0.3150,match,0.0002,low,0.0090,1.6810,1.3405,True,0.0307,1.9441,1.4721,True,0.0193,-19.4023,0.0766,-7.5255,False,3,True,,,,,-0.2571,0.2571,0.8286,-0.0857,6,l_brow,skin,skin,skin,skin,,,
lfw_match_077,lfw_eval,match,0.4193,match,0.1044,medium,0.0287,2.4983,1.7491,True,0.1022,7.3897,4.1948,True,0.0504,7.9528,0.1158,49.7317,False,5,True,,,,,-0.6571,-0.7143,0.0857,-0.8857,6,hair,skin,r_brow,skin,r_brow,,,
lfw_match_078,lfw_eval,match,0.4409,match,0.1261,medium,-0.0141,0.4132,0.6328,False,-0.1010,0.1913,0.5540,False,-0.0088,0.4362,-0.0870,0.1842,False,5,True,,,,,0.0000,-0.9286,0.5000,-0.2500,7,hair,skin,l_brow,skin,l_brow,,,
lfw_match_079,lfw_eval,match,0.3787,match,0.0639,medium,0.0349,8.1136,4.2435,True,0.1193,11.6322,5.8790,True,0.0089,-8.3058,0.0077,1.1075,True,7,False,,0.0219,12.0688,True,0.1071,0.3214,0.8571,0.2857,7,r_brow,skin,skin,skin,skin,,,
lfw_match_080,lfw_eval,match,0.3923,match,0.0774,medium,0.0131,1.7659,1.3830,True,0.0565,3.2703,2.1352,True,0.0218,3.5999,0.0504,3.0272,False,5,True,,,,,0.6571,-0.2571,0.8857,0.4286,6,skin,skin,skin,skin,skin,,,
lfw_match_081,lfw_eval,match,0.2982,non-match,-0.0166,low,-0.0039,0.6026,0.8013,False,0.0168,1.5329,1.2664,True,0.0056,0.0544,0.0700,0.0650,False,1,True,,,,,0.0857,-0.2571,0.7143,0.0286,6,hair,skin,l_brow,l_brow,mouth,,,
lfw_match_082,lfw_eval,match,0.1164,non-match,-0.1984,high,,,,,,,,,,,,,True,0,True,all_negative_nonmatch,,,,-1.0000,-0.5000,-0.5000,1.0000,3,nose,mouth,nose,,nose,,,
lfw_match_083,lfw_eval,match,0.6129,match,0.2980,high,0.0468,24.1694,12.5847,True,0.1770,12.4523,6.7262,True,0.0475,36.8179,0.1800,15.4955,False,5,True,,,,,0.6571,-0.0857,0.8857,0.8286,6,nose,skin,nose,skin,nose,,,
lfw_match_084,lfw_eval,match,0.1876,non-match,-0.1272,medium,,,,,,,,,,,,,False,1,True,,,,,-0.2000,0.0000,0.6000,-0.8000,5,hair,skin,skin,r_brow,nose,,,
lfw_match_085,lfw_eval,match,0.5781,match,0.2633,high,0.0160,3.0135,1.7026,True,0.0749,2.8842,1.5021,True,0.0279,-6.0216,0.0834,3.6692,False,5,True,,,,,-0.1905,-0.8095,0.7143,0.0952,8,l_brow,skin,nose,skin,nose,,,
lfw_match_086,lfw_eval,match,0.4341,match,0.1193,medium,0.0146,4.0100,2.5050,True,0.1187,6.6084,3.8042,True,0.0054,-2.3414,-0.0657,0.1913,False,3,True,,,,,0.2029,-0.5508,0.3769,0.1739,6,hair,skin,mouth,skin,mouth,,,
lfw_match_087,lfw_eval,match,0.7504,match,0.4356,high,0.0177,4.2093,2.2450,True,0.2320,17.1286,7.8094,True,0.0119,12.4470,0.1535,4.3479,False,4,True,,,,,-0.3929,0.5000,0.8214,-0.1429,7,r_eye,skin,skin,skin,skin,,,
lfw_match_088,lfw_eval,match,0.0882,non-match,-0.2267,high,0.0129,6.4190,3.7777,True,0.0285,21.2653,11.1800,True,-0.0061,0.3161,-0.0044,1.9056,False,2,True,,,,,-0.3929,-0.7143,0.5000,-0.1429,7,r_brow,hair,hair,skin,hair,,,
lfw_match_089,lfw_eval,match,0.5949,match,0.2800,high,0.0011,1.1092,1.1381,False,0.1226,5.2562,2.5311,True,0.0018,1.2990,0.1309,7.8255,False,5,True,,,,,-0.3095,-0.6429,0.5000,0.7381,8,nose,skin,nose,skin,nose,,,
lfw_match_090,lfw_eval,match,0.5001,match,0.1852,high,0.0226,3.1540,1.8076,True,0.1449,7.2430,3.7325,True,0.0190,2.8740,0.1315,6.6531,False,6,False,,0.0305,46.5755,True,-0.5000,0.5000,0.6786,-0.5714,7,r_eye,skin,skin,skin,skin,,,
lfw_match_091,lfw_eval,match,0.0080,non-match,-0.3068,high,0.0080,2.4747,1.3503,True,0.0089,1.7188,1.0755,True,0.0057,4.8387,-0.0048,0.5236,False,6,False,,0.0096,16.0572,True,0.1190,-0.0952,0.0476,0.1905,8,nose,skin,skin,skin,skin,,,
lfw_match_092,lfw_eval,match,0.5369,match,0.2221,high,0.0304,17.8706,8.4308,True,0.1322,10.2368,5.0437,True,0.0205,18.8503,0.1238,8.0889,False,6,False,,0.0254,18.2523,True,-0.5714,-0.0714,0.6071,-0.5714,7,l_brow,skin,skin,skin,skin,,,
lfw_match_093,lfw_eval,match,0.4147,match,0.0999,medium,0.0064,1.3543,1.1772,True,0.0055,1.1532,1.0766,True,0.0064,1.3543,0.0095,1.3013,False,5,True,,,,,0.1429,0.8286,0.7714,-0.0286,6,l_brow,hair,nose,hair,nose,,,
lfw_match_094,lfw_eval,match,0.0494,non-match,-0.2654,high,,,,,,,,,,,,,False,2,True,,,,,0.4000,0.4000,0.8000,-0.4000,4,l_brow,skin,hair,l_brow,skin,,,
lfw_match_095,lfw_eval,match,0.4885,match,0.1736,high,0.0172,5.8784,5.0258,True,0.1146,12.0356,4.9846,True,-0.0011,0.9509,0.1122,19.0768,False,4,True,,,,,-0.0238,-0.4286,0.7619,0.6667,8,nose,skin,nose,skin,nose,,,
lfw_match_096,lfw_eval,match,0.1399,non-match,-0.1749,high,0.0225,4.5596,2.7798,True,0.0101,1.9719,1.4859,True,0.0335,-2.6708,0.0305,-1.1789,False,4,True,,,,,0.2000,0.1429,0.7714,-0.0857,6,mouth,hair,hair,hair,hair,,,
lfw_match_097,lfw_eval,match,0.5446,match,0.2298,high,0.0082,1.4169,1.2085,True,0.0294,1.7838,1.3919,True,0.0117,2.3889,0.0230,1.7730,False,3,True,,,,,0.0857,0.3714,0.8286,-0.0857,6,r_brow,skin,skin,skin,skin,,,
lfw_match_098,lfw_eval,match,0.4838,match,0.1690,high,0.0450,2.9824,1.6638,True,0.1201,15.2468,8.0978,True,0.0062,1.2506,0.0748,2.4796,False,7,False,,0.0285,2.3626,True,-0.4286,-0.4762,0.1190,-0.5000,8,mouth,skin,skin,skin,skin,,,
lfw_match_099,lfw_eval,match,0.5276,match,0.2127,high,,,,,,,,,,,,,False,4,True,,,,,-0.5000,0.9000,1.0000,-0.7000,5,l_brow,hair,skin,hair,skin,,,
lfw_match_100,lfw_eval,match,0.4121,match,0.0973,medium,0.0339,4.3139,2.6570,True,0.0731,5.0247,3.0123,True,0.0463,-19.9300,0.0778,6.7790,False,5,True,,,,,0.6000,-0.4286,0.6000,0.4857,6,hair,skin,hair,skin,hair,,,
lfw_match_101,lfw_eval,match,0.6654,match,0.3506,high,0.0705,8.3241,4.1379,True,0.1364,10.2950,4.8783,True,0.0860,-13.6681,0.1657,-10.2950,False,3,True,,,,,-0.0714,-0.1786,0.5000,0.5714,7,mouth,skin,skin,skin,skin,,,
lfw_match_102,lfw_eval,match,0.5189,match,0.2041,high,0.0672,9.5293,4.9027,True,0.0988,9.8856,4.7595,True,0.0679,27.1263,0.1033,16.6046,False,5,True,,,,,0.4286,0.5714,0.6429,0.0000,7,hair,hair,skin,hair,skin,,,
lfw_match_103,lfw_eval,match,0.0202,non-match,-0.2946,high,-0.0173,0.0478,0.5239,False,-0.0291,0.2408,0.6204,False,0.0041,1.9828,0.0231,-1.3752,False,4,True,,,,,-0.2571,-0.6000,-0.1429,0.2571,6,mouth,hair,nose,l_brow,nose,,,
lfw_match_104,lfw_eval,match,0.3455,match,0.0307,low,0.0471,14.0952,7.5476,True,0.1374,8.3878,4.6939,True,0.0508,-3.3935,0.1519,-14.3778,False,3,True,,,,,0.4857,0.2571,0.8286,0.4286,6,nose,skin,skin,skin,skin,,,
lfw_match_105,lfw_eval,match,0.6442,match,0.3293,high,0.0561,20.1416,9.1957,True,0.1723,7.9182,3.9354,True,0.0561,20.1409,0.1723,7.9182,True,7,False,,0.0561,20.1412,True,-0.0357,0.8571,0.8571,-0.2143,7,l_brow,skin,skin,skin,skin,,,
lfw_match_106,lfw_eval,match,0.2801,non-match,-0.0347,low,,,,,,,,,,,,,False,1,True,,,,,0.0000,-1.0000,0.4000,-0.7000,5,mouth,skin,nose,mouth,l_brow,,,
lfw_match_107,lfw_eval,match,0.4339,match,0.1191,medium,0.0244,8.8637,4.2775,True,0.1240,12.3120,6.9632,True,0.0249,182.2914,0.0926,3.2074,False,6,False,,0.0243,13.2393,True,-0.3214,0.2143,0.1786,-0.4286,7,r_brow,skin,skin,skin,skin,,,
lfw_match_108,lfw_eval,match,0.2856,non-match,-0.0292,low,0.0101,1.6174,1.3087,True,0.0518,3.1413,2.0706,True,0.0101,0.6183,0.0493,0.3293,False,1,True,,,,,-0.2000,-0.7714,0.3714,0.0857,6,mouth,skin,nose,mouth,,,,
lfw_match_109,lfw_eval,match,0.3745,match,0.0597,medium,0.0137,2.4613,1.7306,True,0.0649,5.3432,3.1716,True,0.0110,2.5435,0.0670,6.2240,False,5,True,,,,,-0.2571,-0.0857,0.1429,-0.3714,6,r_brow,hair,nose,hair,nose,,,
lfw_match_110,lfw_eval,match,0.4300,match,0.1152,medium,0.0284,2.6121,1.5537,True,0.0885,21.7780,12.4897,True,0.0637,-2.6121,0.1209,-80.8261,False,4,True,,,,,-0.2143,-0.5714,0.5714,0.3929,7,mouth,skin,skin,skin,skin,,,
lfw_match_111,lfw_eval,match,0.4629,match,0.1481,medium,0.0177,4.9064,2.7514,True,0.0991,5.1913,2.3895,True,0.0212,22.8490,0.1167,20.1565,False,6,False,,0.0151,3.1397,True,0.7381,-0.1429,0.9048,0.4286,8,nose,skin,skin,skin,skin,,,
lfw_match_112,lfw_eval,match,0.4731,match,0.1583,high,0.0204,3.9856,2.0670,True,0.1002,30.4323,13.3098,True,0.0222,5.3842,0.1032,-130.4329,False,5,True,,,,,0.0238,0.2381,0.4762,0.2619,8,l_eye,skin,skin,skin,skin,,,
lfw_match_113,lfw_eval,match,0.3247,match,0.0099,low,-0.0302,0.2055,0.5352,False,0.0607,5.8373,3.2447,True,-0.0458,-0.2055,-0.0673,0.1595,False,6,False,,-0.0382,0.0000,False,0.5357,-0.1429,0.7857,0.1786,7,hair,skin,nose,skin,nose,,,
lfw_match_114,lfw_eval,match,0.3555,match,0.0407,low,0.0065,2.2990,1.6495,True,0.0564,2.4227,1.7113,True,0.0165,-1.4930,0.1356,-4.0181,False,3,True,,,,,0.1429,-0.5429,0.6571,0.5429,6,hair,hair,hair,hair,hair,,,
lfw_match_115,lfw_eval,match,0.4772,match,0.1624,high,,,,,,,,,,,,,False,3,True,,,,,-1.0000,-0.8000,-0.4000,-0.4000,4,mouth,hair,skin,hair,skin,,,
lfw_match_116,lfw_eval,match,0.7344,match,0.4196,high,0.0403,3.7334,2.3667,True,0.1123,2.3690,1.6845,True,0.0403,3.7334,0.1123,2.3690,True,6,False,,0.0403,3.7334,True,0.6571,-0.2571,0.9429,-0.0857,6,hair,skin,nose,skin,nose,,,
lfw_match_117,lfw_eval,match,0.4033,match,0.0885,medium,0.0155,1.9547,1.3263,True,0.0666,4.4135,2.4366,True,0.0193,15.1278,0.0780,-5.6405,False,2,True,,,,,0.4643,-0.3214,0.6786,0.4286,7,skin,skin,skin,skin,skin,,,
lfw_match_118,lfw_eval,match,0.4300,match,0.1152,medium,0.0440,6.5755,2.8944,True,0.0783,8.5183,3.6695,True,0.0480,-12.9363,0.0840,-81.1330,False,7,False,,0.0367,5.6594,True,0.1190,0.1190,0.6905,-0.2381,8,mouth,skin,skin,skin,skin,,,
lfw_match_119,lfw_eval,match,0.5865,match,0.2716,high,0.0493,8.8651,4.9326,True,0.0981,2.6445,1.8222,True,0.0510,12.0881,0.1051,3.0006,False,5,True,,,,,-0.1429,0.3714,0.8286,-0.3143,6,r_brow,skin,nose,skin,nose,,,
lfw_match_120,lfw_eval,match,0.3548,match,0.0400,low,-0.0079,0.7207,0.8603,False,-0.0291,0.5533,0.7766,False,0.0485,-0.7207,0.0606,4.1044,False,5,True,,,,,0.1429,-0.4286,0.3143,0.0286,6,hair,hair,skin,hair,nose,,,
lfw_match_121,lfw_eval,match,-0.0114,non-match,-0.3262,high,-0.0007,0.9016,1.0105,False,-0.0079,0.6315,0.6571,False,0.0088,-2.2342,0.0246,-0.2083,False,5,True,,,,,-0.2857,0.0714,0.3333,-0.7143,8,l_brow,skin,nose,nose,nose,,,
lfw_match_122,lfw_eval,match,0.1775,non-match,-0.1373,medium,-0.0007,0.9054,0.8528,True,0.0416,4.0673,2.1790,True,-0.0106,0.0412,-0.0581,-18.7615,False,2,True,,,,,0.5000,0.0000,0.6786,0.3571,7,nose,skin,nose,l_brow,nose,,,
lfw_match_123,lfw_eval,match,0.2884,non-match,-0.0265,low,0.0020,1.1340,1.0670,True,0.0416,4.0805,2.5402,True,0.0317,-0.8818,0.0463,0.1617,False,1,True,,,,,0.2571,-0.2000,0.8286,-0.3143,6,mouth,skin,hair,r_brow,l_brow,,,
lfw_match_124,lfw_eval,match,0.3220,match,0.0072,low,0.0356,3.9643,2.4821,True,0.0492,2.9888,1.9944,True,0.0347,4.9489,0.0492,2.9888,True,6,False,,0.0352,4.3804,True,-0.5429,0.3714,0.7143,-0.6000,6,l_brow,skin,skin,skin,skin,,,
lfw_match_125,lfw_eval,match,0.4970,match,0.1821,high,0.0501,13.5793,7.2897,True,0.1590,10.8237,5.9119,True,0.0435,13.1798,0.1444,7.1444,True,6,False,,0.0468,13.3906,True,0.4286,-0.0857,0.9429,0.1429,6,l_brow,skin,skin,skin,skin,,,
lfw_match_126,lfw_eval,match,0.4615,match,0.1467,medium,0.0268,7.5539,3.8718,True,0.1141,7.7544,3.8842,True,0.0088,3.1467,-0.0284,0.6339,False,5,True,,,,,0.1429,0.4286,0.8571,0.5357,7,r_brow,skin,nose,skin,nose,,,
lfw_match_127,lfw_eval,match,0.2895,non-match,-0.0254,low,-0.0041,0.8384,0.9192,False,-0.1006,0.1563,0.5781,False,-0.0269,-17.3458,0.0538,0.4338,False,2,True,,,,,0.1429,0.5429,0.7143,0.0857,6,l_brow,skin,l_brow,r_brow,nose,,,
lfw_match_128,lfw_eval,match,0.3098,non-match,-0.0051,low,0.0249,4.9988,2.9994,True,0.1026,8.1709,4.5855,True,0.0304,0.0208,0.1026,0.1224,True,0,True,all_negative_nonmatch,,,,0.4286,-0.6000,0.4857,0.0857,6,hair,skin,skin,,l_brow,,,
lfw_match_129,lfw_eval,match,0.1408,non-match,-0.1740,high,-0.0065,0.4460,0.7230,False,-0.0016,0.8797,0.9398,False,-0.0137,-1.3459,0.0023,0.6511,False,2,True,,,,,-0.2571,-0.6571,0.2571,0.3714,6,hair,mouth,nose,l_brow,skin,,,
lfw_match_130,lfw_eval,match,0.3324,match,0.0176,low,0.0130,2.3651,1.6825,True,-0.0072,0.8760,0.9380,False,0.0027,1.2876,-0.0507,0.3639,True,6,False,,0.0078,1.8264,True,0.0286,-0.2000,0.7714,-0.5429,6,skin,skin,hair,skin,hair,,,
lfw_match_131,lfw_eval,match,0.0443,non-match,-0.2705,high,-0.0131,0.5772,0.6382,False,0.0183,2.0295,1.3209,True,-0.0007,1.1726,0.0020,0.8651,False,4,True,,,,,-0.2619,-0.6905,-0.1190,0.1905,8,mouth,nose,skin,r_brow,skin,,,
lfw_match_132,lfw_eval,match,0.4329,match,0.1181,medium,0.0083,1.1867,1.0934,True,0.0947,3.2018,2.1009,True,-0.0303,0.3157,0.0749,2.7377,False,5,True,,,,,0.2571,0.6000,0.8286,-0.1429,6,r_brow,skin,skin,skin,skin,,,
lfw_match_133,lfw_eval,match,0.4620,match,0.1471,medium,0.0245,2.3364,1.6682,True,0.0659,1.8406,1.4203,True,0.0245,2.3364,0.0659,1.8406,True,6,False,,0.0245,2.3364,True,0.6375,-0.0304,0.6375,-0.0304,6,skin,skin,skin,skin,skin,,,
lfw_match_134,lfw_eval,match,0.3598,match,0.0450,low,0.0075,1.9074,1.4537,True,0.0626,7.1233,4.0617,True,0.0113,3.9011,0.0626,7.1233,True,6,False,,0.0094,2.5499,True,-0.2000,-0.0286,0.6571,-0.0857,6,l_brow,skin,skin,skin,skin,,,
lfw_match_135,lfw_eval,match,0.0355,non-match,-0.2793,high,,,,,,,,,,,,,False,1,True,,,,,,,,,2,skin,skin,hair,hair,,,too few common parts (2),
lfw_match_136,lfw_eval,match,0.6449,match,0.3301,high,0.0256,6.0342,3.7613,True,0.2060,20.6575,9.2440,True,0.0127,2.1508,0.1650,6.5711,False,6,False,,0.0244,9.5132,True,-0.0476,0.1190,0.7857,-0.3571,8,r_eye,skin,skin,skin,skin,,,
lfw_match_137,lfw_eval,match,0.6138,match,0.2990,high,0.0358,2.6609,1.4756,True,0.1622,5.1325,2.4199,True,0.0358,2.6609,0.1622,5.1325,True,8,False,,0.0358,2.6609,True,0.1667,0.3571,0.2143,0.0714,8,l_eye,skin,nose,skin,nose,,,
lfw_match_138,lfw_eval,match,0.6598,match,0.3450,high,0.0457,4.2093,2.7606,True,0.1278,5.2178,2.9660,True,0.0457,4.2093,0.1320,6.0646,False,6,False,,0.0305,2.0371,True,0.8571,0.1071,0.3929,0.1429,7,hair,skin,skin,skin,skin,,,
lfw_match_139,lfw_eval,match,0.5897,match,0.2749,high,0.0311,1.9061,1.1270,True,0.1680,9.4573,4.5349,True,0.0311,1.9061,0.1653,9.9300,False,6,False,,0.0462,3.3968,True,0.9048,0.5476,0.5000,0.4762,8,nose,skin,skin,skin,skin,,,
lfw_match_140,lfw_eval,match,0.4904,match,0.1756,high,0.0021,1.2091,1.1545,True,0.0503,2.1184,1.3456,True,0.0148,-3.3415,0.0734,7.3417,False,4,True,,,,,0.3929,0.2500,0.8929,0.5000,7,mouth,skin,skin,skin,skin,,,
lfw_match_141,lfw_eval,match,0.3143,non-match,-0.0005,low,0.0085,1.4885,1.2649,True,0.0543,2.4012,1.7652,True,0.0094,0.6381,0.0572,0.3855,False,1,True,,,,,-0.3964,-0.2523,0.3964,-0.4324,7,l_eye,skin,skin,l_eye,l_eye,,,
lfw_match_142,lfw_eval,match,0.1802,non-match,-0.1346,medium,0.0383,8.0894,4.5447,True,0.1115,14.2762,7.6381,True,0.0458,-0.3311,0.1232,-0.1711,False,1,True,,,,,0.6000,-0.0857,0.7143,0.4857,6,mouth,skin,skin,mouth,mouth,,,
lfw_match_143,lfw_eval,match,0.5121,match,0.1973,high,0.0259,5.0952,2.9103,True,-0.0048,0.9352,0.7966,True,0.0357,12.1517,-0.0001,0.9990,False,6,False,,0.0319,5.4971,True,0.2619,-0.0238,0.6667,0.3333,8,r_brow,hair,skin,hair,skin,,,
lfw_match_144,lfw_eval,match,0.5717,match,0.2569,high,0.0265,5.3366,3.7556,True,0.0614,3.5494,4.3159,False,0.0277,6.5665,0.0614,3.5494,True,8,False,,0.0271,5.8880,True,0.4524,0.4048,0.4762,0.2619,8,l_brow,skin,r_brow,skin,r_brow,,,
lfw_match_145,lfw_eval,match,0.5790,match,0.2642,high,0.0447,9.5211,4.1074,True,0.0886,8.7582,3.9245,True,0.0456,32.1126,0.0824,8.6690,False,5,True,,,,,0.2857,-0.1905,0.2381,0.5238,8,nose,skin,nose,skin,nose,,,
lfw_match_146,lfw_eval,match,0.5546,match,0.2398,high,0.0074,1.3901,1.0301,True,0.0835,9.9641,4.4470,True,0.0035,-1.1914,0.0789,-8.3391,False,4,True,,,,,-0.3810,-0.8095,0.0952,-0.1190,8,r_brow,skin,mouth,skin,nose,,,
lfw_match_147,lfw_eval,match,0.3174,match,0.0026,low,,,,,,,,,,,,,False,3,True,,,,,0.8000,1.0000,0.8000,-0.8000,4,mouth,skin,nose,skin,nose,,,
lfw_match_148,lfw_eval,match,0.2243,non-match,-0.0905,medium,-0.0051,0.6876,0.8438,False,-0.0258,0.4399,0.7199,False,0.0274,-1.3068,0.0653,-0.5528,False,4,True,,,,,-0.1429,-0.0286,0.4857,-0.5429,6,hair,skin,r_brow,nose,r_brow,,,
lfw_match_149,lfw_eval,match,0.4294,match,0.1145,medium,0.0394,5.9368,3.4684,True,0.1243,9.4516,5.2258,True,0.0440,14.0094,0.1244,9.5481,False,5,True,,,,,-0.1429,0.7714,0.9429,-0.0857,6,r_brow,skin,skin,skin,skin,,,
lfw_match_150,lfw_eval,match,0.1036,non-match,-0.2112,high,0.0069,2.0523,1.5261,True,-0.0188,0.4196,0.7098,False,0.0055,1.8465,-0.0187,0.4208,False,5,True,,,,,0.0286,0.2571,0.7714,0.3714,6,mouth,hair,skin,hair,skin,,,
lfw_nonmatch_001,lfw_eval,non-match,0.1155,non-match,-0.1993,high,-0.0082,0.7936,0.8968,False,-0.0278,0.4794,0.7397,False,-0.0175,-1.1463,0.0242,-0.0667,False,2,True,,,,,-0.2571,0.6000,0.0857,0.0857,6,nose,hair,skin,hair,skin,,,
lfw_nonmatch_002,lfw_eval,non-match,0.1150,non-match,-0.1998,high,-0.0027,0.5373,1.9144,False,-0.0024,0.8911,1.7595,False,-0.0047,-5.0853,0.0282,0.4772,False,2,True,,,,,0.3333,0.7619,0.6190,-0.4286,8,r_eye,skin,nose,l_eye,l_brow,,,
lfw_nonmatch_003,lfw_eval,non-match,0.0724,non-match,-0.2425,high,0.0208,3.6300,1.8518,True,0.0221,2.5254,1.5593,True,0.0270,-3.3285,0.0285,-5.6255,False,3,True,,,,,-0.0952,0.0238,0.8333,-0.0952,8,nose,skin,skin,skin,skin,,,
lfw_nonmatch_004,lfw_eval,non-match,0.0192,non-match,-0.2956,high,0.0106,2.8068,1.9034,True,0.0121,1.5052,1.2526,True,0.0178,-0.0763,0.0289,0.1944,False,1,True,,,,,0.8857,0.6000,0.3714,0.8857,6,l_brow,nose,nose,mouth,mouth,,,
lfw_nonmatch_005,lfw_eval,non-match,0.0398,non-match,-0.2750,high,-0.0067,0.6426,0.8213,False,0.0006,1.0582,1.0291,True,0.0034,1.3411,0.0157,-0.4432,False,2,True,,,,,-0.4286,0.4857,-0.0857,-0.6571,6,hair,nose,skin,nose,skin,,,
lfw_nonmatch_006,lfw_eval,non-match,-0.0364,non-match,-0.3512,high,0.0223,7.0704,3.7765,True,0.0207,5.4587,3.2497,True,0.0297,-7.0704,0.0219,7.3738,False,6,False,,0.0233,9.5357,True,-0.7857,-0.6429,0.0357,-0.6786,7,hair,skin,skin,skin,skin,,,
lfw_nonmatch_007,lfw_eval,non-match,0.0393,non-match,-0.2756,high,0.0019,1.1411,0.9358,True,0.0014,1.1046,1.0178,True,0.0200,-0.3999,0.0093,-0.0717,False,4,True,,,,,-0.3929,-0.8214,0.3214,0.2500,7,nose,r_brow,r_brow,hair,nose,,,
lfw_nonmatch_008,lfw_eval,non-match,0.0234,non-match,-0.2914,high,0.0108,4.4081,2.6552,True,0.0086,3.0497,2.8363,True,-0.0052,3.2306,-0.0135,-35.8879,False,4,True,,,,,0.3810,-0.4048,0.4524,0.1667,8,mouth,hair,skin,skin,mouth,,,
lfw_nonmatch_009,lfw_eval,non-match,0.0542,non-match,-0.2607,high,0.0209,5.9581,3.4790,True,0.0284,7.4366,4.2183,True,0.0162,-0.5745,-0.0044,1.3909,False,1,True,,,,,0.0286,0.0286,0.4286,0.4857,6,r_brow,hair,skin,l_brow,hair,,,
lfw_nonmatch_010,lfw_eval,non-match,-0.0096,non-match,-0.3244,high,0.0083,1.8989,1.4197,True,0.0002,1.0159,0.9114,True,0.0179,-0.1739,0.0129,-0.0921,False,3,True,,,,,0.7857,0.1429,0.4286,-0.0714,7,mouth,skin,skin,r_eye,l_brow,,,
lfw_nonmatch_011,lfw_eval,non-match,0.1841,non-match,-0.1308,medium,0.0302,3.6394,2.3197,True,0.0437,6.7970,3.8985,True,0.0356,0.1437,0.0428,0.0755,False,2,True,,,,,0.4857,-0.4286,0.8286,0.8286,6,skin,skin,skin,r_brow,l_brow,,,
lfw_nonmatch_012,lfw_eval,non-match,-0.0483,non-match,-0.3631,high,0.0200,7.7964,4.3982,True,0.0205,7.8586,4.4293,True,0.0087,-251.6730,0.0090,-12.8101,False,3,True,,,,,-0.0857,0.6571,0.9429,0.0857,6,l_brow,skin,skin,skin,skin,,,
lfw_nonmatch_013,lfw_eval,non-match,-0.0333,non-match,-0.3482,high,,,,,,,,,,,,,True,0,True,all_negative_nonmatch,,,,-0.5000,-0.5000,0.5000,-0.5000,3,mouth,skin,skin,,r_brow,,,
lfw_nonmatch_014,lfw_eval,non-match,-0.0055,non-match,-0.3203,high,-0.0098,0.5613,0.7807,False,0.0059,1.3109,1.1555,True,-0.0273,-0.1074,-0.0075,0.2844,False,3,True,,,,,0.2000,0.6571,-0.1429,-0.2000,6,r_brow,nose,skin,nose,skin,,,
lfw_nonmatch_015,lfw_eval,non-match,0.0549,non-match,-0.2600,high,0.0015,1.1412,0.9544,True,0.0118,1.8579,1.9053,False,-0.0056,2.0570,-0.0039,1.1633,False,2,True,,,,,0.3214,0.0357,0.4286,-0.2143,7,mouth,nose,nose,hair,skin,,,
lfw_nonmatch_016,lfw_eval,non-match,0.0009,non-match,-0.3139,high,,,,,,,,,,,,,False,2,True,,,,,-0.8000,-1.0000,-0.8000,-1.0000,4,hair,mouth,nose,mouth,mouth,,,
lfw_nonmatch_017,lfw_eval,non-match,0.1115,non-match,-0.2033,high,0.0160,3.8148,2.4074,True,0.0318,5.3866,3.1933,True,-0.0210,-0.9422,-0.0462,-1.5875,False,3,True,,,,,-0.4286,-0.2571,0.2000,-0.2571,6,mouth,hair,skin,skin,hair,,,
lfw_nonmatch_018,lfw_eval,non-match,0.1675,non-match,-0.1473,medium,0.0385,15.7484,8.3742,True,0.0498,17.5836,9.2918,True,0.0413,-0.0280,0.0498,-0.0268,False,2,True,,,,,0.4286,0.5429,0.8286,0.3143,6,nose,hair,hair,nose,l_eye,,,
lfw_nonmatch_019,lfw_eval,non-match,0.1253,non-match,-0.1895,high,,,,,,,,,,,,,True,0,True,all_negative_nonmatch,,,,0.2052,-0.8721,0.4104,0.5643,5,hair,skin,skin,,skin,,,
lfw_nonmatch_020,lfw_eval,non-match,-0.0707,non-match,-0.3855,high,0.0183,7.7612,4.4795,True,0.0145,2.3213,1.5015,True,0.0256,-1.1950,0.0213,-0.3364,False,3,True,,,,,0.3095,0.3571,0.4286,0.2381,8,l_brow,skin,skin,skin,skin,,,
lfw_nonmatch_021,lfw_eval,non-match,0.1345,non-match,-0.1804,high,0.0028,1.3689,1.1845,True,-0.0045,0.7446,0.8723,False,0.0130,-3.9228,0.0142,-0.8960,False,3,True,,,,,-0.8857,0.7714,0.3714,-0.1429,6,l_brow,skin,nose,nose,nose,,,
lfw_nonmatch_022,lfw_eval,non-match,0.0149,non-match,-0.2999,high,-0.0020,0.8183,0.7815,True,-0.0318,0.3297,0.5884,False,0.0095,-0.2888,-0.0275,-0.0352,False,5,True,,,,,0.0357,0.4286,0.9643,-0.1071,7,l_brow,skin,nose,skin,r_eye,,,
lfw_nonmatch_023,lfw_eval,non-match,-0.0176,non-match,-0.3324,high,0.0090,2.7925,1.8963,True,0.0132,3.8753,2.4376,True,0.0091,-0.2376,0.0108,10.6061,False,4,True,,,,,-0.0857,0.1429,0.5429,-0.4286,6,r_brow,nose,mouth,nose,nose,,,
lfw_nonmatch_024,lfw_eval,non-match,-0.0247,non-match,-0.3395,high,0.0069,3.0362,2.1294,True,0.0494,11.1945,5.6114,True,-0.0109,-0.8897,-0.0522,-0.1140,False,3,True,,,,,-0.7857,0.0714,0.8571,0.0357,7,r_eye,hair,hair,hair,nose,,,
lfw_nonmatch_025,lfw_eval,non-match,-0.0327,non-match,-0.3475,high,-0.0005,0.9485,0.9413,True,0.0211,2.9435,2.0056,True,0.0189,-1.8980,0.0486,-0.5112,False,5,True,,,,,0.4286,-0.0357,0.2857,-0.6429,7,mouth,nose,l_brow,hair,l_brow,,,
lfw_nonmatch_026,lfw_eval,non-match,0.0465,non-match,-0.2684,high,0.0056,1.6542,1.2322,True,0.0023,1.2083,1.8310,False,-0.0119,-1.0377,0.0080,0.5390,False,4,True,,,,,0.5476,0.1190,-0.0476,0.0476,8,l_brow,skin,mouth,r_eye,r_brow,,,
lfw_nonmatch_027,lfw_eval,non-match,-0.0096,non-match,-0.3245,high,0.0099,3.3901,2.1951,True,0.0166,2.9771,1.9885,True,0.0058,0.3698,0.0148,-0.8902,False,2,True,,,,,-0.3143,0.8286,0.9429,-0.0286,6,r_eye,skin,skin,hair,r_eye,,,
lfw_nonmatch_028,lfw_eval,non-match,0.1417,non-match,-0.1731,high,0.0175,3.4973,1.9917,True,0.0102,2.2159,1.8356,True,0.0138,0.2010,0.0118,0.4546,False,2,True,,,,,0.5952,-0.4048,0.6429,0.0476,8,skin,skin,skin,l_eye,l_brow,,,
lfw_nonmatch_029,lfw_eval,non-match,-0.0046,non-match,-0.3195,high,0.0074,2.6811,1.8405,True,0.0204,2.4559,1.7279,True,0.0055,0.1920,0.0182,-0.1960,False,3,True,,,,,-0.3143,-0.3143,0.6000,0.3143,6,mouth,skin,skin,nose,hair,,,
lfw_nonmatch_030,lfw_eval,non-match,-0.0527,non-match,-0.3675,high,0.0009,1.1121,1.0022,True,0.0096,2.0096,1.3882,True,0.0146,-1.0552,0.0238,18.4316,False,6,False,,0.0042,1.9925,True,-0.1190,-0.0714,0.4524,0.4048,8,l_eye,skin,skin,skin,skin,,,
lfw_nonmatch_031,lfw_eval,non-match,0.0893,non-match,-0.2255,high,0.0127,3.0638,2.0426,True,0.0359,9.1354,4.4970,True,0.0076,0.1423,0.0318,0.0875,False,3,True,,,,,0.7500,-0.0357,0.4643,0.7143,7,hair,skin,skin,l_brow,nose,,,
lfw_nonmatch_032,lfw_eval,non-match,0.1023,non-match,-0.2125,high,,,,,,,,,,,,,False,2,True,,,,,-0.5000,0.5000,1.0000,0.5000,3,nose,skin,skin,hair,nose,,,
lfw_nonmatch_033,lfw_eval,non-match,-0.0175,non-match,-0.3323,high,,,,,,,,,,,,,False,1,True,,,,,-0.6000,0.9000,0.5000,0.1000,5,l_brow,hair,hair,hair,hair,,,
lfw_nonmatch_034,lfw_eval,non-match,0.1164,non-match,-0.1985,high,0.0307,12.6221,6.0154,True,0.0656,5.6539,3.0880,True,0.0341,-0.0710,0.0601,0.0982,False,3,True,,,,,-0.1429,0.5000,0.9643,0.4286,7,nose,skin,skin,hair,l_brow,,,
lfw_nonmatch_035,lfw_eval,non-match,0.1350,non-match,-0.1798,high,,,,,,,,,,,,,False,3,True,,,,,-0.8000,0.4000,0.0000,-0.8000,4,r_brow,nose,skin,nose,nose,,,
lfw_nonmatch_036,lfw_eval,non-match,0.0397,non-match,-0.2752,high,-0.0081,0.4705,0.5961,False,0.0005,1.0883,1.0413,True,-0.0050,0.3077,-0.0114,-6.7227,False,4,True,,,,,0.3333,0.1429,0.0238,0.5952,8,l_brow,l_brow,skin,mouth,l_brow,,,
lfw_nonmatch_037,lfw_eval,non-match,0.1072,non-match,-0.2077,high,-0.0069,0.5794,0.8955,False,0.0010,1.0919,0.8734,True,0.0020,0.7414,-0.0065,0.0223,False,2,True,,,,,0.0000,-0.2381,0.0476,0.5238,8,nose,nose,skin,nose,skin,,,
lfw_nonmatch_038,lfw_eval,non-match,-0.0474,non-match,-0.3623,high,-0.0036,0.6458,0.8229,False,-0.0050,0.8564,0.9282,False,-0.0160,-0.5591,-0.0462,-0.0790,False,4,True,,,,,0.8286,-0.3714,0.6571,-0.0286,6,nose,nose,l_brow,nose,l_brow,,,
lfw_nonmatch_039,lfw_eval,non-match,0.0457,non-match,-0.2691,high,0.0063,2.4922,1.6325,True,0.0196,3.7136,2.3379,True,-0.0120,-1.8369,0.0083,1.5978,False,4,True,,,,,-0.2857,0.2500,0.7857,0.0357,7,r_eye,hair,skin,hair,l_brow,,,
lfw_nonmatch_040,lfw_eval,non-match,0.0854,non-match,-0.2294,high,0.0013,1.2059,1.1029,True,-0.0159,0.4802,0.7401,False,0.0070,5.5766,0.0271,-0.5391,False,3,True,,,,,0.4857,0.1429,0.6571,-0.4857,6,mouth,mouth,nose,nose,nose,,,
lfw_nonmatch_041,lfw_eval,non-match,-0.0065,non-match,-0.3214,high,0.0111,3.9904,2.4952,True,0.0028,1.2573,1.1287,True,0.0014,1.1616,-0.0086,-0.7494,False,3,True,,,,,0.0857,-0.1429,0.2571,0.1429,6,mouth,l_brow,nose,l_brow,nose,,,
lfw_nonmatch_042,lfw_eval,non-match,0.0717,non-match,-0.2432,high,0.0135,1.7065,1.1743,True,0.0228,1.7995,1.2087,True,0.0517,-0.5860,0.0691,0.0316,False,2,True,,,,,0.3571,0.2857,0.3571,0.3571,7,r_brow,skin,skin,l_brow,r_brow,,,
lfw_nonmatch_043,lfw_eval,non-match,0.0287,non-match,-0.2862,high,-0.0088,0.3265,0.6519,False,-0.0118,0.1721,0.5211,False,0.0037,0.2875,0.0140,49.5598,False,6,False,,-0.0075,0.1827,False,-0.1190,-0.2143,0.0238,0.0952,8,mouth,hair,skin,hair,skin,,,
lfw_nonmatch_044,lfw_eval,non-match,-0.0047,non-match,-0.3196,high,0.0055,1.8879,1.4439,True,0.0047,1.2291,1.1145,True,0.0055,-0.1280,0.0434,-0.5144,False,3,True,,,,,0.3714,0.4286,0.8286,-0.3143,6,nose,skin,skin,hair,hair,,,
lfw_nonmatch_045,lfw_eval,non-match,0.1343,non-match,-0.1805,high,0.0123,3.2211,1.9546,True,0.0285,2.8732,1.4959,True,0.0097,0.2657,0.0436,-0.0833,False,2,True,,,,,0.4048,0.4524,0.8571,0.3095,8,r_brow,skin,skin,mouth,r_brow,,,
lfw_nonmatch_046,lfw_eval,non-match,-0.0177,non-match,-0.3326,high,,,,,,,,,,,,,True,4,True,all_positive_nonmatch,,,,0.8000,-0.8000,0.6000,0.8000,4,skin,skin,hair,skin,hair,,,
lfw_nonmatch_047,lfw_eval,non-match,0.0016,non-match,-0.3133,high,,,,,,,,,,,,,False,3,True,,,,,-0.2000,0.5000,0.6000,0.0000,5,r_brow,hair,skin,hair,skin,,,
lfw_nonmatch_048,lfw_eval,non-match,0.0492,non-match,-0.2656,high,0.0081,3.2967,2.1483,True,0.0093,2.1352,1.5676,True,-0.0034,0.5309,-0.0029,1.9690,False,2,True,,,,,0.0857,0.0857,0.6571,0.6000,6,r_brow,skin,skin,hair,skin,,,
lfw_nonmatch_049,lfw_eval,non-match,0.0786,non-match,-0.2362,high,0.0257,15.1035,9.1865,True,0.0425,7.2281,5.3507,True,-0.0070,0.7144,-0.0165,-1.4258,False,6,False,,0.0173,65.9281,True,0.5714,0.2143,0.8810,0.4286,8,r_brow,skin,skin,r_brow,skin,,,
lfw_nonmatch_050,lfw_eval,non-match,-0.0582,non-match,-0.3730,high,0.0020,1.7027,1.4124,True,0.0102,1.4176,1.0729,True,-0.0042,-0.1117,-0.0433,0.0693,False,5,True,,,,,-0.5714,-0.5952,0.4762,-0.0714,8,mouth,skin,skin,skin,hair,,,
lfw_nonmatch_051,lfw_eval,non-match,0.1041,non-match,-0.2107,high,0.0045,1.7933,1.3966,True,0.0209,4.3548,2.6774,True,0.0101,-1.6313,0.0076,0.1927,False,2,True,,,,,0.2000,0.1429,0.2571,0.2571,6,l_brow,hair,skin,hair,hair,,,
lfw_nonmatch_052,lfw_eval,non-match,0.0201,non-match,-0.2947,high,0.0070,2.0131,1.4600,True,0.0330,2.5216,1.4641,True,-0.0158,-2.8286,-0.0281,0.0845,False,6,False,,-0.0053,0.2234,False,0.0952,-0.0952,0.6429,0.1667,8,hair,skin,skin,skin,nose,,,
lfw_nonmatch_053,lfw_eval,non-match,0.0991,non-match,-0.2157,high,-0.0028,0.8402,0.8568,False,0.0299,2.7237,1.5823,True,0.0194,-2.7954,-0.0205,8.2119,False,5,True,,,,,0.0000,-0.8783,0.2196,0.4392,8,hair,skin,hair,r_brow,skin,,,
lfw_nonmatch_054,lfw_eval,non-match,-0.0451,non-match,-0.3600,high,0.0012,1.0881,1.0441,True,0.0115,1.7076,1.3538,True,-0.0004,0.9711,0.0115,1.7076,True,6,False,,0.0004,1.0296,True,0.3714,0.4857,0.8286,-0.3714,6,l_brow,skin,skin,skin,skin,,,
lfw_nonmatch_055,lfw_eval,non-match,-0.0690,non-match,-0.3838,high,0.0046,1.4526,1.2263,True,0.0721,9.5714,5.2857,True,0.0231,-0.8551,0.0889,-4.3458,False,2,True,,,,,0.6000,0.4857,0.7714,0.2571,6,hair,skin,skin,skin,skin,,,
lfw_nonmatch_056,lfw_eval,non-match,0.0090,non-match,-0.3058,high,0.0112,5.0793,3.1917,True,0.0445,32.8386,16.9901,True,0.0116,-0.6191,0.0385,7.5463,False,3,True,,,,,-0.1071,-0.4643,0.0714,0.3214,7,hair,skin,r_brow,skin,r_eye,,,
lfw_nonmatch_057,lfw_eval,non-match,0.1657,non-match,-0.1491,medium,0.0201,2.7140,1.8570,True,0.0958,6.5776,3.7888,True,0.0194,-0.0845,0.0175,0.7035,False,2,True,,,,,0.1429,0.7143,1.0000,-0.1429,6,r_brow,skin,skin,mouth,nose,,,
lfw_nonmatch_058,lfw_eval,non-match,0.0127,non-match,-0.3021,high,0.0039,1.4934,1.2467,True,0.0103,2.1170,1.5585,True,0.0197,-0.1474,0.0287,-0.4724,False,3,True,,,,,-0.1429,-0.3143,0.1429,-0.2571,6,mouth,skin,skin,nose,nose,,,
lfw_nonmatch_059,lfw_eval,non-match,0.1120,non-match,-0.2028,high,0.0203,7.3243,3.3510,True,0.0953,21.1575,8.5961,True,0.0258,-0.0981,0.1027,-0.0272,False,3,True,,,,,0.0000,0.1190,0.6429,0.0238,8,nose,skin,skin,r_eye,l_brow,,,
lfw_nonmatch_060,lfw_eval,non-match,0.0892,non-match,-0.2256,high,0.0066,3.2129,2.5848,True,0.0287,2.2779,1.4228,True,0.0133,-0.8574,0.0627,-0.4584,False,4,True,,,,,0.5714,-0.3214,0.8571,0.8929,7,mouth,skin,mouth,hair,mouth,,,
lfw_nonmatch_061,lfw_eval,non-match,0.0214,non-match,-0.2934,high,0.0061,2.9394,2.5715,True,0.0024,1.2492,1.2680,False,0.0018,0.5669,-0.0150,-0.1791,False,5,True,,,,,-0.0476,0.0238,0.5238,-0.3571,8,r_eye,nose,l_brow,nose,l_brow,,,
lfw_nonmatch_062,lfw_eval,non-match,0.0453,non-match,-0.2695,high,-0.0025,0.6929,1.0552,False,-0.0033,0.7883,0.8272,False,0.0100,7.4842,0.0129,-0.7780,False,4,True,,,,,0.2500,-0.5000,0.0000,-0.3214,7,hair,hair,skin,r_brow,skin,,,
lfw_nonmatch_063,lfw_eval,non-match,0.1282,non-match,-0.1866,high,0.0046,1.3419,1.1710,True,0.0117,2.1266,1.5633,True,-0.0308,-2.4872,-0.0318,-1.7383,False,4,True,,,,,0.0286,0.1429,0.3714,0.1429,6,r_brow,skin,l_brow,nose,skin,,,
lfw_nonmatch_064,lfw_eval,non-match,0.1344,non-match,-0.1804,high,0.0122,2.1156,1.5578,True,0.0326,6.1175,3.5588,True,0.0002,0.9801,0.0004,0.9836,True,0,True,all_negative_nonmatch,,,,-0.1429,-0.7143,0.4286,0.7714,6,nose,skin,skin,,hair,,,
lfw_nonmatch_065,lfw_eval,non-match,-0.0009,non-match,-0.3157,high,-0.0043,0.5470,0.7144,False,-0.0138,0.3843,0.6619,False,0.0049,-1.2108,0.0253,-1.0510,False,2,True,,,,,-0.1429,0.0357,-0.1786,0.4286,7,r_brow,r_eye,hair,skin,hair,,,
lfw_nonmatch_066,lfw_eval,non-match,0.0866,non-match,-0.2282,high,0.0240,19.0410,8.6481,True,0.0202,5.6490,3.4310,True,0.0240,-2.1291,0.0228,7758.6926,False,5,True,,,,,0.0714,-0.2619,0.6905,-0.3095,8,hair,skin,skin,skin,skin,,,
lfw_nonmatch_067,lfw_eval,non-match,0.0751,non-match,-0.2398,high,0.0259,11.0614,6.0307,True,0.0388,4.2482,2.6241,True,0.0131,-0.2131,0.0033,0.8935,False,1,True,,,,,-0.3714,0.2000,0.3143,-0.2000,6,r_brow,skin,nose,r_brow,skin,,,
lfw_nonmatch_068,lfw_eval,non-match,0.0538,non-match,-0.2610,high,,,,,,,,,,,,,False,2,True,,,,,-0.4000,0.4000,0.8000,0.8000,4,r_brow,skin,hair,hair,skin,,,
lfw_nonmatch_069,lfw_eval,non-match,0.0877,non-match,-0.2271,high,0.0094,4.0370,2.5637,True,0.0128,2.4459,3.3654,False,-0.0156,-0.4188,-0.0659,-2.1269,False,4,True,,,,,-0.0476,0.0238,0.6905,0.2619,8,l_eye,skin,hair,nose,hair,,,
lfw_nonmatch_070,lfw_eval,non-match,0.1014,non-match,-0.2134,high,0.0142,4.9004,2.5488,True,0.0202,3.4385,2.2916,True,0.0057,0.2610,-0.0052,1.3593,False,3,True,,,,,0.2143,-0.0714,0.7143,0.5714,7,nose,nose,nose,r_brow,skin,,,
lfw_nonmatch_071,lfw_eval,non-match,0.0996,non-match,-0.2153,high,0.0164,5.4037,3.2018,True,-0.0109,0.7069,0.8535,False,-0.0028,1.3675,-0.0191,2.0567,False,1,True,,,,,-0.4857,-0.4857,0.7714,-0.7143,6,hair,skin,mouth,mouth,skin,,,
lfw_nonmatch_072,lfw_eval,non-match,0.0614,non-match,-0.2535,high,0.0018,1.3078,1.1539,True,0.0303,3.6901,2.3450,True,0.0020,0.7018,0.0353,0.1487,False,1,True,,,,,-0.0911,-0.3947,0.2125,0.0304,6,mouth,skin,skin,mouth,hair,,,
lfw_nonmatch_073,lfw_eval,non-match,-0.0543,non-match,-0.3692,high,0.0196,7.7785,3.7299,True,0.0259,4.1619,2.2213,True,0.0137,-6.3174,0.0285,-13.0409,False,5,True,,,,,0.4524,-0.1429,0.7381,0.3810,8,nose,skin,skin,skin,skin,,,
lfw_nonmatch_074,lfw_eval,non-match,0.1302,non-match,-0.1846,high,0.0158,3.0617,1.5913,True,0.0441,4.1901,2.0655,True,0.0144,0.3426,0.0441,0.2387,True,0,True,all_negative_nonmatch,,,,0.3810,-0.4286,0.2857,0.8095,8,mouth,skin,skin,,r_brow,,,
lfw_nonmatch_075,lfw_eval,non-match,0.0347,non-match,-0.2802,high,0.0083,2.9674,1.9837,True,0.0095,2.3473,1.6737,True,0.0143,-2.1249,0.0117,-0.9056,False,2,True,,,,,-0.4286,0.1429,-0.0857,-0.3143,6,l_brow,skin,skin,skin,skin,,,
lfw_nonmatch_076,lfw_eval,non-match,0.0232,non-match,-0.2916,high,,,,,,,,,,,,,False,1,True,,,,,0.2052,-0.6669,0.2052,0.8721,5,skin,hair,skin,hair,skin,,,
lfw_nonmatch_077,lfw_eval,non-match,0.1172,non-match,-0.1976,high,0.0124,2.3051,1.5712,True,0.0096,1.8017,1.2442,True,0.0212,-0.5364,0.0212,-0.2128,False,3,True,,,,,0.6667,-0.0238,0.0238,0.4762,8,nose,nose,nose,r_eye,skin,,,
lfw_nonmatch_078,lfw_eval,non-match,0.0400,non-match,-0.2748,high,0.0051,1.7369,1.2374,True,-0.0200,0.2539,0.6390,False,-0.0090,0.1332,-0.0163,-0.9302,False,3,True,,,,,0.2143,-0.8571,0.6786,0.1786,7,mouth,hair,skin,nose,skin,,,
lfw_nonmatch_079,lfw_eval,non-match,0.1224,non-match,-0.1924,high,0.0160,2.7648,1.7198,True,0.0366,5.7114,2.9434,True,0.0235,-0.0806,0.0353,0.0942,False,2,True,,,,,0.1786,0.0714,0.5714,0.4643,7,mouth,skin,skin,r_eye,nose,,,
lfw_nonmatch_080,lfw_eval,non-match,0.0063,non-match,-0.3085,high,0.0016,1.2438,1.1219,True,-0.0092,0.4832,0.7416,False,0.0024,2.7053,-0.0219,-0.1977,False,5,True,,,,,-0.6571,-0.7714,0.2000,0.3714,6,r_brow,hair,skin,hair,skin,,,
lfw_nonmatch_081,lfw_eval,non-match,0.0120,non-match,-0.3028,high,0.0071,1.8773,1.4387,True,0.0020,1.2266,1.1133,True,0.0082,-69.7770,0.0073,0.1279,False,2,True,,,,,0.5429,-0.1429,0.1429,0.7714,6,nose,l_brow,nose,mouth,skin,,,
lfw_nonmatch_082,lfw_eval,non-match,0.1914,non-match,-0.1234,medium,-0.0005,0.9699,0.9849,False,-0.0060,0.8537,0.9269,False,-0.0046,3.3769,-0.0467,11.9165,False,2,True,,,,,0.0286,-0.6571,0.7714,-0.6000,6,mouth,hair,r_brow,nose,skin,,,
lfw_nonmatch_083,lfw_eval,non-match,0.0515,non-match,-0.2634,high,0.0224,11.9083,5.2748,True,0.0194,12.1742,5.1506,True,-0.0042,0.4083,-0.0089,3.8224,False,3,True,,,,,0.4524,0.3810,0.5952,0.0952,8,r_brow,skin,skin,mouth,skin,,,
lfw_nonmatch_084,lfw_eval,non-match,0.0313,non-match,-0.2835,high,0.0224,4.5947,2.7973,True,0.0291,3.4862,2.2431,True,0.0182,-0.2738,0.0005,0.9623,False,4,True,,,,,-0.0286,-0.3143,0.6571,0.0857,6,nose,skin,skin,mouth,hair,,,
lfw_nonmatch_085,lfw_eval,non-match,0.0325,non-match,-0.2823,high,0.0142,2.1301,1.3733,True,0.0285,6.2102,3.4615,True,0.0256,-3.3477,0.0287,-4.5580,False,3,True,,,,,-0.5714,-0.1429,0.5357,0.0000,7,nose,skin,skin,skin,skin,,,
lfw_nonmatch_086,lfw_eval,non-match,0.0815,non-match,-0.2333,high,,,,,,,,,,,,,False,3,True,,,,,-0.3000,0.2000,0.9000,-0.8000,5,mouth,hair,hair,hair,hair,,,
lfw_nonmatch_087,lfw_eval,non-match,0.0597,non-match,-0.2551,high,,,,,,,,,,,,,False,3,True,,,,,-0.3000,-0.7000,0.0000,0.5000,5,hair,l_brow,hair,skin,hair,,,
lfw_nonmatch_088,lfw_eval,non-match,0.0224,non-match,-0.2925,high,-0.0012,0.9164,0.9582,False,-0.0030,0.7987,0.8994,False,-0.0064,-5.3950,0.0028,-0.7514,False,3,True,,,,,-0.5429,0.5429,-0.2000,-0.7143,6,r_brow,mouth,skin,hair,hair,,,
lfw_nonmatch_089,lfw_eval,non-match,0.0001,non-match,-0.3148,high,0.0170,6.3633,3.7289,True,0.0358,3.6662,2.0059,True,0.0258,-0.5460,0.0583,-0.8983,False,5,True,,,,,0.3571,-0.1429,0.7857,0.9286,7,r_brow,skin,skin,hair,r_brow,,,
lfw_nonmatch_090,lfw_eval,non-match,-0.0163,non-match,-0.3311,high,-0.0135,0.2583,0.6269,False,-0.0042,0.6247,1.9770,False,-0.0033,-1.6138,-0.0426,-0.4371,False,3,True,,,,,-0.6071,-0.3571,0.5357,0.2143,7,nose,hair,nose,hair,r_brow,,,
lfw_nonmatch_091,lfw_eval,non-match,-0.0402,non-match,-0.3551,high,,,,,,,,,,,,,True,1,True,all_positive_nonmatch,,,,,,,,1,hair,hair,hair,hair,hair,,too few common parts (1),
lfw_nonmatch_092,lfw_eval,non-match,-0.0500,non-match,-0.3648,high,0.0139,3.6191,1.9546,True,0.0374,5.0881,2.7298,True,0.0226,-5.5832,0.0455,13.9538,False,7,False,,0.0159,5.8983,True,-0.0238,-0.0238,0.0952,0.5714,8,mouth,skin,skin,skin,skin,,,
lfw_nonmatch_093,lfw_eval,non-match,-0.0270,non-match,-0.3418,high,0.0073,2.7041,1.7022,True,0.0018,1.1709,1.0122,True,0.0100,7.2477,0.0030,1.3490,False,6,False,,0.0100,7.1014,True,-0.0357,0.2500,-0.3571,-0.8929,7,l_brow,nose,nose,nose,nose,,,
lfw_nonmatch_094,lfw_eval,non-match,-0.0056,non-match,-0.3204,high,-0.0040,0.4600,0.7300,False,0.0209,2.7311,1.8655,True,-0.0063,-0.1371,-0.0330,0.0015,False,3,True,,,,,-0.3714,0.0286,0.2571,-0.6000,6,r_brow,skin,nose,skin,nose,,,
lfw_nonmatch_095,lfw_eval,non-match,-0.0053,non-match,-0.3202,high,0.0002,1.0369,1.1788,False,-0.0043,0.7375,0.8248,False,0.0063,0.3072,0.0139,8.1856,False,4,True,,,,,-0.4192,-0.2395,0.0599,0.4311,8,mouth,hair,skin,hair,l_eye,,,
lfw_nonmatch_096,lfw_eval,non-match,-0.0529,non-match,-0.3677,high,,,,,,,,,,,,,True,5,True,all_positive_nonmatch,,,,-0.1000,-0.3000,0.3000,0.3000,5,l_brow,skin,skin,skin,skin,,,
lfw_nonmatch_097,lfw_eval,non-match,0.1295,non-match,-0.1854,high,-0.0050,0.6612,0.9066,False,-0.0105,0.4934,0.9814,False,-0.0016,1.7270,0.0127,0.4405,False,1,True,,,,,-0.1182,-0.7881,-0.2364,0.2167,7,hair,nose,skin,l_eye,l_eye,,,
lfw_nonmatch_098,lfw_eval,non-match,-0.0518,non-match,-0.3666,high,0.0009,1.2081,1.1040,True,0.0138,6.8715,3.9357,True,-0.0001,1.0262,-0.0123,0.0850,False,2,True,,,,,-0.2000,-0.1429,0.5429,0.8286,6,nose,skin,nose,skin,l_brow,,,
lfw_nonmatch_099,lfw_eval,non-match,0.0370,non-match,-0.2779,high,0.0190,2.8015,1.9929,True,0.0216,2.3408,1.4991,True,0.0417,-0.9740,0.0406,-0.4552,False,2,True,,,,,-0.2857,-0.3571,-0.2857,0.2143,7,mouth,r_eye,r_brow,r_brow,r_brow,,,
lfw_nonmatch_100,lfw_eval,non-match,0.0006,non-match,-0.3142,high,0.0179,4.5442,2.5615,True,0.0156,3.2344,2.0808,True,-0.0139,0.1525,-0.0034,-0.5475,False,5,True,,,,,0.0714,0.4048,0.6190,-0.1429,8,nose,skin,skin,r_brow,skin,,,
lfw_nonmatch_101,lfw_eval,non-match,0.1134,non-match,-0.2015,high,-0.0075,0.4975,0.6212,False,0.0038,1.3944,1.7084,False,0.0222,-0.0989,0.0387,-0.2575,False,4,True,,,,,0.5000,-0.2619,0.5238,0.3333,8,hair,hair,skin,r_brow,nose,,,
lfw_nonmatch_102,lfw_eval,non-match,-0.0043,non-match,-0.3191,high,0.0100,1.9178,1.4589,True,0.0145,2.0741,1.5370,True,0.0003,0.9578,0.0071,1.9728,False,5,True,,,,,0.2571,0.9429,0.3714,0.0286,6,l_brow,skin,skin,skin,l_brow,,,
lfw_nonmatch_103,lfw_eval,non-match,0.0368,non-match,-0.2780,high,0.0175,11.1483,5.3999,True,0.0301,17.5533,8.4427,True,0.0073,-0.2351,0.0053,0.6922,False,2,True,,,,,-0.5238,0.1905,0.8095,-0.5000,8,l_brow,skin,nose,hair,skin,,,
lfw_nonmatch_104,lfw_eval,non-match,-0.0156,non-match,-0.3305,high,0.0284,5.9587,3.4794,True,0.0265,3.0450,2.0225,True,0.0328,-1.4464,0.0336,-6.2753,False,5,True,,,,,0.0857,0.4286,0.0286,0.0857,6,nose,nose,nose,mouth,skin,,,
lfw_nonmatch_105,lfw_eval,non-match,0.0888,non-match,-0.2260,high,0.0077,3.6938,1.9787,True,0.0099,2.9418,3.3497,False,0.0065,-12.4581,-0.0155,-2119.7706,False,3,True,,,,,-0.3571,0.0476,0.5476,0.0476,8,nose,skin,nose,nose,nose,,,
lfw_nonmatch_106,lfw_eval,non-match,0.1483,non-match,-0.1665,high,0.0198,2.3912,1.6956,True,0.0091,1.2356,1.1178,True,0.0415,-0.4241,0.0546,0.2001,False,3,True,,,,,0.8857,0.6000,0.8286,-0.1429,6,hair,skin,skin,l_brow,l_brow,,,
lfw_nonmatch_107,lfw_eval,non-match,-0.0235,non-match,-0.3384,high,0.0280,7.8211,4.4105,True,0.0417,4.8019,2.9009,True,0.0161,5.0125,0.0230,2.1340,True,6,False,,0.0221,6.4310,True,0.2571,0.4857,0.9429,0.5429,6,mouth,skin,skin,skin,skin,,,
lfw_nonmatch_108,lfw_eval,non-match,-0.0336,non-match,-0.3484,high,-0.0002,0.9773,0.9886,False,-0.0432,0.1278,0.5639,False,-0.0047,4.1586,0.0334,0.1280,False,3,True,,,,,-0.3143,0.3714,0.0286,-0.0857,6,l_brow,skin,nose,nose,mouth,,,
lfw_nonmatch_109,lfw_eval,non-match,0.0192,non-match,-0.2956,high,0.0080,1.8898,1.4449,True,0.0263,2.6574,1.8287,True,0.0220,18.4962,0.0565,-2.9565,False,4,True,,,,,0.0286,-0.5429,0.3714,0.0286,6,hair,nose,skin,nose,skin,,,
lfw_nonmatch_110,lfw_eval,non-match,0.1065,non-match,-0.2083,high,-0.0038,0.6346,1.1216,False,-0.0091,0.5875,0.8741,False,0.0232,-0.5446,0.0282,-1.6649,False,5,True,,,,,0.4286,0.3571,0.8810,-0.6905,8,l_eye,hair,nose,hair,l_brow,,,
lfw_nonmatch_111,lfw_eval,non-match,-0.0267,non-match,-0.3415,high,0.0059,2.9306,1.9653,True,0.0179,2.6903,1.8451,True,0.0065,-5.7629,0.0196,-4.4428,False,3,True,,,,,0.4286,-0.7714,0.6000,0.7143,6,hair,skin,skin,skin,skin,,,
lfw_nonmatch_112,lfw_eval,non-match,0.0251,non-match,-0.2897,high,0.0032,1.8964,1.4482,True,0.0141,3.0307,2.0153,True,-0.0039,-2.8518,-0.0141,3.6031,False,2,True,,,,,0.5429,0.6571,0.5429,-0.1429,6,r_brow,skin,skin,nose,skin,,,
lfw_nonmatch_113,lfw_eval,non-match,-0.0220,non-match,-0.3368,high,-0.0058,0.5318,0.7821,False,-0.0021,0.8714,1.0024,False,0.0003,1.0649,0.0051,-12.2412,False,3,True,,,,,0.4643,0.5714,0.3929,-0.3571,7,r_brow,hair,skin,nose,skin,,,
lfw_nonmatch_114,lfw_eval,non-match,0.0556,non-match,-0.2592,high,-0.0006,0.9671,0.8449,True,-0.0046,0.7374,0.8655,False,0.0296,-0.6611,0.0224,-0.3415,False,2,True,,,,,0.3571,-0.1786,0.1429,0.1429,7,skin,nose,hair,r_eye,hair,,,
lfw_nonmatch_115,lfw_eval,non-match,0.0926,non-match,-0.2223,high,0.0256,46.2143,26.3870,True,0.0523,17.7561,9.7611,True,0.0158,0.0756,0.0342,17.0282,False,6,False,,0.0071,13.5413,True,0.0000,-0.1429,0.5000,-0.7143,7,r_brow,hair,mouth,hair,hair,,,
lfw_nonmatch_116,lfw_eval,non-match,0.1950,non-match,-0.1199,medium,0.0273,10.1784,5.7319,True,0.0249,3.9178,2.2957,True,0.0339,-0.2718,0.0288,-0.2821,False,4,True,,,,,-0.2619,0.7143,0.8095,0.2143,8,r_eye,skin,skin,hair,r_brow,,,
lfw_nonmatch_117,lfw_eval,non-match,0.0083,non-match,-0.3066,high,,,,,,,,,,,,,False,2,True,,,,,0.8000,0.2000,1.0000,0.8000,4,skin,skin,skin,mouth,mouth,,,
lfw_nonmatch_118,lfw_eval,non-match,0.0473,non-match,-0.2676,high,-0.0006,0.9358,0.9679,False,0.0042,1.2894,1.1447,True,0.0175,-0.5870,0.0315,-3.1770,False,4,True,,,,,-0.3714,-0.3714,0.0857,0.7714,6,mouth,r_brow,mouth,r_brow,hair,,,
lfw_nonmatch_119,lfw_eval,non-match,0.1492,non-match,-0.1657,high,0.0125,1.9238,1.4619,True,0.0551,4.1098,2.5549,True,0.0016,0.8491,0.0597,-0.1971,False,4,True,,,,,-0.0857,-0.7714,0.0286,0.4857,6,nose,skin,skin,mouth,hair,,,
lfw_nonmatch_120,lfw_eval,non-match,0.0470,non-match,-0.2678,high,0.0020,1.6447,1.3223,True,-0.0036,0.7421,0.8710,False,0.0006,0.8391,0.0013,0.8683,False,2,True,,,,,0.9429,-0.1429,1.0000,-0.0857,6,hair,hair,l_brow,r_brow,hair,,,
lfw_nonmatch_121,lfw_eval,non-match,-0.0182,non-match,-0.3330,high,0.0081,3.8443,3.4755,True,0.0208,3.4197,3.8239,False,0.0169,-0.9063,0.0466,-2.0111,False,5,True,,,,,0.6429,-0.7143,0.7857,0.0238,8,skin,skin,l_brow,skin,nose,,,
lfw_nonmatch_122,lfw_eval,non-match,0.0696,non-match,-0.2452,high,0.0157,4.2882,2.6441,True,0.0335,7.7948,4.3974,True,0.0009,1.4178,0.0187,-3.6503,False,2,True,,,,,0.6571,0.0286,0.7143,0.8286,6,hair,skin,hair,skin,hair,,,
lfw_nonmatch_123,lfw_eval,non-match,0.0103,non-match,-0.3045,high,0.0169,3.8194,2.4097,True,0.0512,6.0576,3.5288,True,0.0263,-1.6841,0.0589,-5.4256,False,4,True,,,,,0.0857,0.1429,0.9429,0.1429,6,l_brow,skin,skin,skin,skin,,,
lfw_nonmatch_124,lfw_eval,non-match,0.1033,non-match,-0.2115,high,0.0018,1.1796,1.1296,True,-0.0077,0.6924,0.8266,False,0.0042,-0.9846,0.0225,0.1690,False,3,True,,,,,-0.4643,-0.6786,0.1429,-0.2143,7,l_brow,skin,hair,mouth,hair,,,
lfw_nonmatch_125,lfw_eval,non-match,-0.0388,non-match,-0.3536,high,0.0039,1.4898,1.4680,True,0.0043,1.5965,1.8773,False,0.0161,-33.2337,-0.0059,-1.8303,False,5,True,,,,,0.5000,-0.3929,0.7500,-0.3571,7,hair,skin,mouth,nose,mouth,,,
lfw_nonmatch_126,lfw_eval,non-match,-0.0974,non-match,-0.4123,high,0.0078,1.7188,1.2502,True,0.0079,1.3991,1.1152,True,0.0250,-2.8934,0.0212,2.9026,False,7,False,,0.0137,3.7834,True,0.0714,-0.0476,0.1190,-0.0714,8,mouth,skin,skin,skin,skin,,,
lfw_nonmatch_127,lfw_eval,non-match,0.0309,non-match,-0.2839,high,,,,,,,,,,,,,True,0,True,all_negative_nonmatch,,,,,,,,2,hair,hair,hair,,,,too few common parts (2),
lfw_nonmatch_128,lfw_eval,non-match,0.0929,non-match,-0.2220,high,0.0129,4.3014,2.2912,True,-0.0006,0.9807,0.8584,True,0.0023,-3.5534,0.0075,1.5548,False,4,True,,,,,-0.1071,0.1429,0.5714,-0.3571,7,nose,skin,hair,hair,hair,,,
lfw_nonmatch_129,lfw_eval,non-match,0.0683,non-match,-0.2466,high,-0.0064,0.7708,0.8854,False,0.0014,1.0663,1.0331,True,0.0034,0.8432,0.0000,0.9989,False,1,True,,,,,0.4857,0.0857,0.6000,0.2571,6,mouth,nose,r_brow,r_brow,hair,,,
lfw_nonmatch_130,lfw_eval,non-match,0.1884,non-match,-0.1264,medium,0.0148,2.8314,1.9157,True,0.0492,3.9456,2.4728,True,0.0122,0.3727,0.0495,0.2497,False,1,True,,,,,0.0286,0.3714,0.6571,0.5429,6,nose,skin,mouth,r_brow,hair,,,
lfw_nonmatch_131,lfw_eval,non-match,0.0520,non-match,-0.2628,high,0.0058,2.8062,1.7299,True,0.0130,2.8140,2.3730,True,0.0060,0.3527,0.0224,-0.1094,False,3,True,,,,,-0.5714,0.1071,0.3571,-0.2500,7,l_brow,hair,nose,hair,l_eye,,,
lfw_nonmatch_132,lfw_eval,non-match,0.0629,non-match,-0.2519,high,-0.0024,0.7230,0.8615,False,0.0129,1.8257,1.4129,True,0.0026,0.4351,-0.0136,-0.8396,False,4,True,,,,,0.8286,0.6000,0.8857,-0.0857,6,r_brow,skin,mouth,r_brow,skin,,,
lfw_nonmatch_133,lfw_eval,non-match,-0.0276,non-match,-0.3424,high,0.0135,3.0749,2.0375,True,-0.0075,0.7405,0.8702,False,0.0135,3.0749,-0.0075,0.7405,True,6,False,,0.0135,3.0749,True,-0.3143,-0.7143,0.7143,0.4286,6,mouth,hair,skin,hair,skin,,,
lfw_nonmatch_134,lfw_eval,non-match,-0.0076,non-match,-0.3225,high,0.0056,1.8690,1.4216,True,0.0193,3.0416,3.0775,False,-0.0108,-0.6156,-0.0446,0.1296,False,5,True,,,,,-0.4048,0.3333,0.3571,0.1667,8,r_brow,skin,nose,skin,r_eye,,,
lfw_nonmatch_135,lfw_eval,non-match,-0.0787,non-match,-0.3935,high,0.0131,3.0447,2.0224,True,0.0483,8.4391,4.7195,True,0.0006,0.7301,0.0290,4.2768,False,4,True,,,,,0.4857,0.0857,0.7714,0.6000,6,hair,skin,hair,skin,skin,,,
lfw_nonmatch_136,lfw_eval,non-match,0.0467,non-match,-0.2681,high,0.0033,1.5037,1.0879,True,0.0296,5.1181,2.9130,True,0.0052,-5.4413,-0.0243,-48.3262,False,4,True,,,,,-0.2500,0.3214,0.5000,-0.3929,7,r_eye,skin,l_brow,r_brow,skin,,,
lfw_nonmatch_137,lfw_eval,non-match,-0.0145,non-match,-0.3294,high,0.0072,3.5020,2.4261,True,0.0077,1.9754,1.3914,True,-0.0012,1.4536,0.0113,3.9190,False,6,False,,-0.0003,0.9096,False,0.7783,-0.6671,0.6301,0.2224,7,skin,skin,nose,skin,r_brow,,,
lfw_nonmatch_138,lfw_eval,non-match,0.0494,non-match,-0.2655,high,0.0239,4.0407,2.5203,True,0.0443,14.2452,7.6226,True,0.0295,-0.3974,0.0344,-0.0881,False,2,True,,,,,0.2571,-0.3714,0.6000,0.2571,6,hair,skin,skin,hair,nose,,,
lfw_nonmatch_139,lfw_eval,non-match,0.0605,non-match,-0.2543,high,,,,,,,,,,,,,False,3,True,,,,,0.6000,0.6000,0.4000,0.1000,5,r_brow,skin,mouth,r_eye,mouth,,,
lfw_nonmatch_140,lfw_eval,non-match,0.0677,non-match,-0.2471,high,0.0240,7.5996,4.3272,True,0.0326,8.0785,4.0490,True,0.0122,0.4252,0.0275,-0.4741,False,5,True,,,,,-0.1905,0.0714,0.5000,0.1667,8,l_eye,skin,skin,r_brow,nose,,,
lfw_nonmatch_141,lfw_eval,non-match,0.0337,non-match,-0.2811,high,0.0083,2.3169,1.6584,True,-0.0078,0.6774,0.8387,False,0.0082,-0.2503,0.0271,-0.4993,False,3,True,,,,,-0.0857,-0.4857,0.7143,0.0857,6,mouth,skin,nose,hair,hair,,,
lfw_nonmatch_142,lfw_eval,non-match,0.0938,non-match,-0.2210,high,0.0102,2.8412,1.9119,True,0.0320,2.3481,1.4978,True,0.0117,-2.8191,0.0726,-0.4443,False,2,True,,,,,-0.3214,0.6071,0.5714,-0.2143,7,l_brow,skin,mouth,hair,mouth,,,
lfw_nonmatch_143,lfw_eval,non-match,0.0127,non-match,-0.3021,high,,,,,,,,,,,,,True,0,True,all_negative_nonmatch,,,,-0.2000,0.8000,-0.2000,0.2000,4,nose,hair,skin,,,,,
lfw_nonmatch_144,lfw_eval,non-match,0.0867,non-match,-0.2281,high,0.0121,2.9077,1.5118,True,0.0342,11.6298,5.1795,True,0.0177,-0.1679,0.0390,-0.2447,False,3,True,,,,,-0.4762,-0.1429,0.4286,0.1190,8,nose,skin,skin,hair,hair,,,
lfw_nonmatch_145,lfw_eval,non-match,0.0903,non-match,-0.2245,high,0.0095,4.3941,2.6971,True,0.0267,2.2639,1.6320,True,0.0019,1.7295,-0.0175,6.1079,False,4,True,,,,,0.3143,0.4857,0.4857,0.0857,6,mouth,skin,skin,l_brow,skin,,,
lfw_nonmatch_146,lfw_eval,non-match,-0.0276,non-match,-0.3425,high,-0.0011,0.8419,0.9221,False,0.0099,1.9915,1.2882,True,0.0049,3.7473,0.0232,-2.1488,False,4,True,,,,,0.4431,-0.2635,0.4671,0.5868,8,mouth,mouth,skin,mouth,skin,,,
lfw_nonmatch_147,lfw_eval,non-match,0.1926,non-match,-0.1222,medium,0.0154,6.0136,3.1066,True,0.0416,11.7137,4.8517,True,0.0210,-0.4077,0.0473,-0.1476,False,4,True,,,,,0.6667,-0.0238,0.8095,-0.0238,8,hair,skin,skin,mouth,mouth,,,
lfw_nonmatch_148,lfw_eval,non-match,0.0899,non-match,-0.2249,high,0.0322,11.6266,4.9842,True,0.0229,6.8731,3.4109,True,0.0153,-0.0222,-0.0037,1.4054,False,3,True,,,,,-0.3333,0.1429,0.9048,-0.0476,8,r_brow,nose,skin,r_brow,hair,,,
lfw_nonmatch_149,lfw_eval,non-match,-0.0383,non-match,-0.3531,high,0.0077,1.7984,1.1208,True,0.0107,2.1897,1.4847,True,0.0186,-0.6972,0.0303,-2.1778,False,4,True,,,,,0.0238,-0.1667,0.3571,-0.2143,8,l_eye,skin,skin,skin,skin,,,
lfw_nonmatch_150,lfw_eval,non-match,-0.0195,non-match,-0.3343,high,0.0116,2.6078,1.8039,True,0.0061,4.2089,2.6044,True,0.0231,-1.2789,0.0087,-2.2046,False,4,True,,,,,0.0286,0.3143,-0.4857,-0.3143,6,l_brow,nose,mouth,nose,nose,,,
