pair_id,category,ground_truth,img_a,img_b
lfw_match_001,lfw_eval,match,C:\Users\vasil\Thesis-project\thesis-explainable-face-verification\data\lfw\lfw-deepfunneled\lfw-deepfunneled\Abdullah_Gul\Abdullah_Gul_0013.jpg,C:\Users\vasil\Thesis-project\thesis-explainable-face-verification\data\lfw\lfw-deepfunneled\lfw-deepfunneled\Abdullah_Gul\Abdullah_Gul_0014.jpg
lfw_match_002,lfw_eval,match,C:\Users\vasil\Thesis-project\thesis-explainable-face-verification\data\lfw\lfw-deepfunneled\lfw-deepfunneled\Abdullah_Gul\Abdullah_Gul_0013.jpg,C:\Users\vasil\Thesis-project\thesis-explainable-face-verification\data\lfw\lfw-deepfunneled\lfw-deepfunneled\Abdullah_Gul\Abdullah_Gul_0016.jpg
lfw_match_003,lfw_eval,match,C:\Users\vasil\Thesis-project\thesis-explainable-face-verification\data\lfw\lfw-deepfunneled\lfw-deepfunneled\Abdullatif_Sener\Abdullatif_Sener_0001.jpg,C:\Users\vasil\Thesis-project\thesis-explainable-face-verification\data\lfw\lfw-deepfunneled\lfw-deepfunneled\Abdullatif_Sener\Abdullatif_Sener_0002.jpg
lfw_match_004,lfw_eval,match,C:\Users\vasil\Thesis-project\thesis-explainable-face-verification\data\lfw\lfw-deepfunneled\lfw-deepfunneled\Adel_Al-Jubeir\Adel_Al-Jubeir_0001.jpg,C:\Users\vasil\Thesis-project\thesis-explainable-face-verification\data\lfw\lfw-deepfunneled\lfw-deepfunneled\Adel_Al-Jubeir\Adel_Al-Jubeir_0003.jpg
lfw_match_005,lfw_eval,match,C:\Users\vasil\Thesis-project\thesis-explainable-face-verification\data\lfw\lfw-deepfunneled\lfw-deepfunneled\Al_Pacino\Al_Pacino_0001.jpg,C:\Users\vasil\Thesis-project\thesis-explainable-face-verification\data\lfw\lfw-deepfunneled\lfw-deepfunneled\Al_Pacino\Al_Pacino_0002.jpg
lfw_match_006,lfw_eval,match,C:\Users\vasil\Thesis-project\thesis-explainable-face-verification\data\lfw\lfw-deepfunneled\lfw-deepfunneled\Alan_Greenspan\Alan_Greenspan_0001.jpg,C:\Users\vasil\Thesis-project\thesis-explainable-face-verification\data\lfw\lfw-deepfunneled\lfw-deepfunneled\Alan_Greenspan\Alan_Greenspan_0005.jpg
lfw_match_007,lfw_eval,match,C:\Users\vasil\Thesis-project\thesis-explainable-face-verification\data\lfw\lfw-deepfunneled\lfw-deepfunneled\Albert_Costa\Albert_Costa_0002.jpg,C:\Users\vasil\Thesis-project\thesis-explainable-face-verification\data\lfw\lfw-deepfunneled\lfw-deepfunneled\Albert_Costa\Albert_Costa_0006.jpg
lfw_match_008,lfw_eval,match,C:\Users\vasil\Thesis-project\thesis-explainable-face-verification\data\lfw\lfw-deepfunneled\lfw-deepfunneled\Albert_Costa\Albert_Costa_0004.jpg,C:\Users\vasil\Thesis-project\thesis-explainable-face-verification\data\lfw\lfw-deepfunneled\lfw-deepfunneled\Albert_Costa\Albert_Costa_0006.jpg
lfw_match_009,lfw_eval,match,C:\Users\vasil\Thesis-project\thesis-explainable-face-verification\data\lfw\lfw-deepfunneled\lfw-deepfunneled\Albert_Costa\Albert_Costa_0005.jpg,C:\Users\vasil\Thesis-project\thesis-explainable-face-verification\data\lfw\lfw-deepfunneled\lfw-deepfunneled\Albert_Costa\Albert_Costa_0006.jpg
lfw_match_010,lfw_eval,match,C:\Users\vasil\Thesis-project\thesis-explainable-face-verification\data\lfw\lfw-deepfunneled\lfw-deepfunneled\Alejandro_Atchugarry\Alejandro_Atchugarry_0001.jpg,C:\Users\vasil\Thesis-project\thesis-explainable-face-verification\data\lfw\lfw-deepfunneled\lfw-deepfunneled\Alejandro_Atchugarry\Alejandro_Atchugarry_0002.jpg
lfw_match_011,lfw_eval,match,C:\Users\vasil\Thesis-project\thesis-explainable-face-verification\data\lfw\lfw-deepfunneled\lfw-deepfunneled\Alex_Penelas\Alex_Penelas_0001.jpg,C:\Users\vasil\Thesis-project\thesis-explainable-face-verification\data\lfw\lfw-deepfunneled\lfw-deepfunneled\Alex_Penelas\Alex_Penelas_0002.jpg
lfw_match_012,lfw_eval,match,C:\Users\vasil\Thesis-project\thesis-explainable-face-verification\data\lfw\lfw-deepfunneled\lfw-deepfunneled\Ali_Naimi\Ali_Naimi_0001.jpg,C:\Users\vasil\Thesis-project\thesis-explainable-face-verification\data\lfw\lfw-deepfunneled\lfw-deepfunneled\Ali_Naimi\Ali_Naimi_0003.jpg
lfw_match_013,lfw_eval,match,C:\Users\vasil\Thesis-project\thesis-explainable-face-verification\data\lfw\lfw-deepfunneled\lfw-deepfunneled\Ali_Naimi\Ali_Naimi_0003.jpg,C:\Users\vasil\Thesis-project\thesis-explainable-face-verification\data\lfw\lfw-deepfunneled\lfw-deepfunneled\Ali_Naimi\Ali_Naimi_0004.jpg
lfw_match_014,lfw_eval,match,C:\Users\vasil\Thesis-project\thesis-explainable-face-verification\data\lfw\lfw-deepfunneled\lfw-deepfunneled\Allison_Janney\Allison_Janney_0001.jpg,C:\Users\vasil\Thesis-project\thesis-explainable-face-verification\data\lfw\lfw-deepfunneled\lfw-deepfunneled\Allison_Janney\Allison_Janney_0002.jpg
lfw_match_015,lfw_eval,match,C:\Users\vasil\Thesis-project\thesis-explainable-face-verification\data\lfw\lfw-deepfunneled\lfw-deepfunneled\Allyson_Felix\Allyson_Felix_0002.jpg,C:\Users\vasil\Thesis-project\thesis-explainable-face-verification\data\lfw\lfw-deepfunneled\lfw-deepfunneled\Allyson_Felix\Allyson_Felix_0005.jpg
lfw_match_016,lfw_eval,match,C:\Users\vasil\Thesis-project\thesis-explainable-face-verification\data\lfw\lfw-deepfunneled\lfw-deepfunneled\Alvaro_Uribe\Alvaro_Uribe_0007.jpg,C:\Users\vasil\Thesis-project\thesis-explainable-face-verification\data\lfw\lfw-deepfunneled\lfw-deepfunneled\Alvaro_Uribe\Alvaro_Uribe_0010.jpg
lfw_match_017,lfw_eval,match,C:\Users\vasil\Thesis-project\thesis-explainable-face-verification\data\lfw\lfw-deepfunneled\lfw-deepfunneled\Alvaro_Uribe\Alvaro_Uribe_0017.jpg,C:\Users\vasil\Thesis-project\thesis-explainable-face-verification\data\lfw\lfw-deepfunneled\lfw-deepfunneled\Alvaro_Uribe\Alvaro_Uribe_0026.jpg
lfw_match_018,lfw_eval,match,C:\Users\vasil\Thesis-project\thesis-explainable-face-verification\data\lfw\lfw-deepfunneled\lfw-deepfunneled\Alvaro_Uribe\Alvaro_Uribe_0028.jpg,C:\Users\vasil\Thesis-project\thesis-explainable-face-verification\data\lfw\lfw-deepfunneled\lfw-deepfunneled\Alvaro_Uribe\Alvaro_Uribe_0029.jpg
lfw_match_019,lfw_eval,match,C:\Users\vasil\Thesis-project\thesis-explainable-face-verification\data\lfw\lfw-deepfunneled\lfw-deepfunneled\Amanda_Bynes\Amanda_Bynes_0001.jpg,C:\Users\vasil\Thesis-project\thesis-explainable-face-verification\data\lfw\lfw-deepfunneled\lfw-deepfunneled\Amanda_Bynes\Amanda_Bynes_0002.jpg
lfw_match_020,lfw_eval,match,C:\Users\vasil\Thesis-project\thesis-explainable-face-verification\data\lfw\lfw-deepfunneled\lfw-deepfunneled\Amanda_Bynes\Amanda_Bynes_0001.jpg,C:\Users\vasil\Thesis-project\thesis-explainable-face-verification\data\lfw\lfw-deepfunneled\lfw-deepfunneled\Amanda_Bynes\Amanda_Bynes_0003.jpg
lfw_match_021,lfw_eval,match,C:\Users\vasil\Thesis-project\thesis-explainable-face-verification\data\lfw\lfw-deepfunneled\lfw-deepfunneled\Amanda_Bynes\Amanda_Bynes_0001.jpg,C:\Users\vasil\Thesis-project\thesis-explainable-face-verification\data\lfw\lfw-deepfunneled\lfw-deepfunneled\Amanda_Bynes\Amanda_Bynes_0004.jpg
lfw_match_022,lfw_eval,match,C:\Users\vasil\Thesis-project\thesis-explainable-face-verification\data\lfw\lfw-deepfunneled\lfw-deepfunneled\Amanda_Bynes\Amanda_Bynes_0003.jpg,C:\Users\vasil\Thesis-project\thesis-explainable-face-verification\data\lfw\lfw-deepfunneled\lfw-deepfunneled\Amanda_Bynes\Amanda_Bynes_0004.jpg
lfw_match_023,lfw_eval,match,C:\Users\vasil\Thesis-project\thesis-explainable-face-verification\data\lfw\lfw-deepfunneled\lfw-deepfunneled\Amelie_Mauresmo\Amelie_Mauresmo_0001.jpg,C:\Users\vasil\Thesis-project\thesis-explainable-face-verification\data\lfw\lfw-deepfunneled\lfw-deepfunneled\Amelie_Mauresmo\Amelie_Mauresmo_0021.jpg
lfw_match_024,lfw_eval,match,C:\Users\vasil\Thesis-project\thesis-explainable-face-verification\data\lfw\lfw-deepfunneled\lfw-deepfunneled\Amelie_Mauresmo\Amelie_Mauresmo_0004.jpg,C:\Users\vasil\Thesis-project\thesis-explainable-face-verification\data\lfw\lfw-deepfunneled\lfw-deepfunneled\Amelie_Mauresmo\Amelie_Mauresmo_0011.jpg
lfw_match_025,lfw_eval,match,C:\Users\vasil\Thesis-project\thesis-explainable-face-verification\data\lfw\lfw-deepfunneled\lfw-deepfunneled\Amelie_Mauresmo\Amelie_Mauresmo_0016.jpg,C:\Users\vasil\Thesis-project\thesis-explainable-face-verification\data\lfw\lfw-deepfunneled\lfw-deepfunneled\Amelie_Mauresmo\Amelie_Mauresmo_0021.jpg
lfw_match_026,lfw_eval,match,C:\Users\vasil\Thesis-project\thesis-explainable-face-verification\data\lfw\lfw-deepfunneled\lfw-deepfunneled\Ana_Palacio\Ana_Palacio_0001.jpg,C:\Users\vasil\Thesis-project\thesis-explainable-face-verification\data\lfw\lfw-deepfunneled\lfw-deepfunneled\Ana_Palacio\Ana_Palacio_0006.jpg
lfw_match_027,lfw_eval,match,C:\Users\vasil\Thesis-project\thesis-explainable-face-verification\data\lfw\lfw-deepfunneled\lfw-deepfunneled\Andrei_Mikhnevich\Andrei_Mikhnevich_0001.jpg,C:\Users\vasil\Thesis-project\thesis-explainable-face-verification\data\lfw\lfw-deepfunneled\lfw-deepfunneled\Andrei_Mikhnevich\Andrei_Mikhnevich_0002.jpg
lfw_match_028,lfw_eval,match,C:\Users\vasil\Thesis-project\thesis-explainable-face-verification\data\lfw\lfw-deepfunneled\lfw-deepfunneled\Andy_Hebb\Andy_Hebb_0001.jpg,C:\Users\vasil\Thesis-project\thesis-explainable-face-verification\data\lfw\lfw-deepfunneled\lfw-deepfunneled\Andy_Hebb\Andy_Hebb_0002.jpg
lfw_match_029,lfw_eval,match,C:\Users\vasil\Thesis-project\thesis-explainable-face-verification\data\lfw\lfw-deepfunneled\lfw-deepfunneled\Angelo_Reyes\Angelo_Reyes_0001.jpg,C:\Users\vasil\Thesis-project\thesis-explainable-face-verification\data\lfw\lfw-deepfunneled\lfw-deepfunneled\Angelo_Reyes\Angelo_Reyes_0002.jpg
lfw_match_030,lfw_eval,match,C:\Users\vasil\Thesis-project\thesis-explainable-face-verification\data\lfw\lfw-deepfunneled\lfw-deepfunneled\Angelo_Reyes\Angelo_Reyes_0002.jpg,C:\Users\vasil\Thesis-project\thesis-explainable-face-verification\data\lfw\lfw-deepfunneled\lfw-deepfunneled\Angelo_Reyes\Angelo_Reyes_0003.jpg
lfw_match_031,lfw_eval,match,C:\Users\vasil\Thesis-project\thesis-explainable-face-verification\data\lfw\lfw-deepfunneled\lfw-deepfunneled\Ann_Veneman\Ann_Veneman_0001.jpg,C:\Users\vasil\Thesis-project\thesis-explainable-face-verification\data\lfw\lfw-deepfunneled\lfw-deepfunneled\Ann_Veneman\Ann_Veneman_0002.jpg
lfw_match_032,lfw_eval,match,C:\Users\vasil\Thesis-project\thesis-explainable-face-verification\data\lfw\lfw-deepfunneled\lfw-deepfunneled\Ann_Veneman\Ann_Veneman_0005.jpg,C:\Users\vasil\Thesis-project\thesis-explainable-face-verification\data\lfw\lfw-deepfunneled\lfw-deepfunneled\Ann_Veneman\Ann_Veneman_0011.jpg
lfw_match_033,lfw_eval,match,C:\Users\vasil\Thesis-project\thesis-explainable-face-verification\data\lfw\lfw-deepfunneled\lfw-deepfunneled\Ann_Veneman\Ann_Veneman_0008.jpg,C:\Users\vasil\Thesis-project\thesis-explainable-face-verification\data\lfw\lfw-deepfunneled\lfw-deepfunneled\Ann_Veneman\Ann_Veneman_0009.jpg
lfw_match_034,lfw_eval,match,C:\Users\vasil\Thesis-project\thesis-explainable-face-verification\data\lfw\lfw-deepfunneled\lfw-deepfunneled\Anna_Nicole_Smith\Anna_Nicole_Smith_0001.jpg,C:\Users\vasil\Thesis-project\thesis-explainable-face-verification\data\lfw\lfw-deepfunneled\lfw-deepfunneled\Anna_Nicole_Smith\Anna_Nicole_Smith_0002.jpg
lfw_match_035,lfw_eval,match,C:\Users\vasil\Thesis-project\thesis-explainable-face-verification\data\lfw\lfw-deepfunneled\lfw-deepfunneled\Anne_Krueger\Anne_Krueger_0001.jpg,C:\Users\vasil\Thesis-project\thesis-explainable-face-verification\data\lfw\lfw-deepfunneled\lfw-deepfunneled\Anne_Krueger\Anne_Krueger_0002.jpg
lfw_match_036,lfw_eval,match,C:\Users\vasil\Thesis-project\thesis-explainable-face-verification\data\lfw\lfw-deepfunneled\lfw-deepfunneled\Anne_Krueger\Anne_Krueger_0002.jpg,C:\Users\vasil\Thesis-project\thesis-explainable-face-verification\data\lfw\lfw-deepfunneled\lfw-deepfunneled\Anne_Krueger\Anne_Krueger_0003.jpg
lfw_match_037,lfw_eval,match,C:\Users\vasil\Thesis-project\thesis-explainable-face-verification\data\lfw\lfw-deepfunneled\lfw-deepfunneled\Annette_Lu\Annette_Lu_0001.jpg,C:\Users\vasil\Thesis-project\thesis-explainable-face-verification\data\lfw\lfw-deepfunneled\lfw-deepfunneled\Annette_Lu\Annette_Lu_0002.jpg
lfw_match_038,lfw_eval,match,C:\Users\vasil\Thesis-project\thesis-explainable-face-verification\data\lfw\lfw-deepfunneled\lfw-deepfunneled\Annette_Lu\Annette_Lu_0001.jpg,C:\Users\vasil\Thesis-project\thesis-explainable-face-verification\data\lfw\lfw-deepfunneled\lfw-deepfunneled\Annette_Lu\Annette_Lu_0003.jpg
lfw_match_039,lfw_eval,match,C:\Users\vasil\Thesis-project\thesis-explainable-face-verification\data\lfw\lfw-deepfunneled\lfw-deepfunneled\Annette_Lu\Annette_Lu_0002.jpg,C:\Users\vasil\Thesis-project\thesis-explainable-face-verification\data\lfw\lfw-deepfunneled\lfw-deepfunneled\Annette_Lu\Annette_Lu_0003.jpg
lfw_match_040,lfw_eval,match,C:\Users\vasil\Thesis-project\thesis-explainable-face-verification\data\lfw\lfw-deepfunneled\lfw-deepfunneled\Antonio_Palocci\Antonio_Palocci_0003.jpg,C:\Users\vasil\Thesis-project\thesis-explainable-face-verification\data\lfw\lfw-deepfunneled\lfw-deepfunneled\Antonio_Palocci\Antonio_Palocci_0008.jpg
lfw_match_041,lfw_eval,match,C:\Users\vasil\Thesis-project\thesis-explainable-face-verification\data\lfw\lfw-deepfunneled\lfw-deepfunneled\Antonio_Trillanes\Antonio_Trillanes_0001.jpg,C:\Users\vasil\Thesis-project\thesis-explainable-face-verification\data\lfw\lfw-deepfunneled\lfw-deepfunneled\Antonio_Trillanes\Antonio_Trillanes_0002.jpg
lfw_match_042,lfw_eval,match,C:\Users\vasil\Thesis-project\thesis-explainable-face-verification\data\lfw\lfw-deepfunneled\lfw-deepfunneled\Antonio_Trillanes\Antonio_Trillanes_0002.jpg,C:\Users\vasil\Thesis-project\thesis-explainable-face-verification\data\lfw\lfw-deepfunneled\lfw-deepfunneled\Antonio_Trillanes\Antonio_Trillanes_0003.jpg
lfw_match_043,lfw_eval,match,C:\Users\vasil\Thesis-project\thesis-explainable-face-verification\data\lfw\lfw-deepfunneled\lfw-deepfunneled\Arlen_Specter\Arlen_Specter_0001.jpg,C:\Users\vasil\Thesis-project\thesis-explainable-face-verification\data\lfw\lfw-deepfunneled\lfw-deepfunneled\Arlen_Specter\Arlen_Specter_0003.jpg
lfw_match_044,lfw_eval,match,C:\Users\vasil\Thesis-project\thesis-explainable-face-verification\data\lfw\lfw-deepfunneled\lfw-deepfunneled\Augustin_Calleri\Augustin_Calleri_0001.jpg,C:\Users\vasil\Thesis-project\thesis-explainable-face-verification\data\lfw\lfw-deepfunneled\lfw-deepfunneled\Augustin_Calleri\Augustin_Calleri_0003.jpg
lfw_match_045,lfw_eval,match,C:\Users\vasil\Thesis-project\thesis-explainable-face-verification\data\lfw\lfw-deepfunneled\lfw-deepfunneled\Augustin_Calleri\Augustin_Calleri_0001.jpg,C:\Users\vasil\Thesis-project\thesis-explainable-face-verification\data\lfw\lfw-deepfunneled\lfw-deepfunneled\Augustin_Calleri\Augustin_Calleri_0004.jpg
lfw_match_046,lfw_eval,match,C:\Users\vasil\Thesis-project\thesis-explainable-face-verification\data\lfw\lfw-deepfunneled\lfw-deepfunneled\Barbara_Brezigar\Barbara_Brezigar_0001.jpg,C:\Users\vasil\Thesis-project\thesis-explainable-face-verification\data\lfw\lfw-deepfunneled\lfw-deepfunneled\Barbara_Brezigar\Barbara_Brezigar_0002.jpg
lfw_match_047,lfw_eval,match,C:\Users\vasil\Thesis-project\thesis-explainable-face-verification\data\lfw\lfw-deepfunneled\lfw-deepfunneled\Begum_Khaleda_Zia\Begum_Khaleda_Zia_0001.jpg,C:\Users\vasil\Thesis-project\thesis-explainable-face-verification\data\lfw\lfw-deepfunneled\lfw-deepfunneled\Begum_Khaleda_Zia\Begum_Khaleda_Zia_0002.jpg
lfw_match_048,lfw_eval,match,C:\Users\vasil\Thesis-project\thesis-explainable-face-verification\data\lfw\lfw-deepfunneled\lfw-deepfunneled\Ben_Affleck\Ben_Affleck_0001.jpg,C:\Users\vasil\Thesis-project\thesis-explainable-face-verification\data\lfw\lfw-deepfunneled\lfw-deepfunneled\Ben_Affleck\Ben_Affleck_0003.jpg
lfw_match_049,lfw_eval,match,C:\Users\vasil\Thesis-project\thesis-explainable-face-verification\data\lfw\lfw-deepfunneled\lfw-deepfunneled\Ben_Affleck\Ben_Affleck_0002.jpg,C:\Users\vasil\Thesis-project\thesis-explainable-face-verification\data\lfw\lfw-deepfunneled\lfw-deepfunneled\Ben_Affleck\Ben_Affleck_0006.jpg
lfw_match_050,lfw_eval,match,C:\Users\vasil\Thesis-project\thesis-explainable-face-verification\data\lfw\lfw-deepfunneled\lfw-deepfunneled\Ben_Affleck\Ben_Affleck_0003.jpg,C:\Users\vasil\Thesis-project\thesis-explainable-face-verification\data\lfw\lfw-deepfunneled\lfw-deepfunneled\Ben_Affleck\Ben_Affleck_0006.jpg
lfw_match_051,lfw_eval,match,C:\Users\vasil\Thesis-project\thesis-explainable-face-verification\data\lfw\lfw-deepfunneled\lfw-deepfunneled\Bertie_Ahern\Bertie_Ahern_0002.jpg,C:\Users\vasil\Thesis-project\thesis-explainable-face-verification\data\lfw\lfw-deepfunneled\lfw-deepfunneled\Bertie_Ahern\Bertie_Ahern_0003.jpg
lfw_match_052,lfw_eval,match,C:\Users\vasil\Thesis-project\thesis-explainable-face-verification\data\lfw\lfw-deepfunneled\lfw-deepfunneled\Bill_Frist\Bill_Frist_0001.jpg,C:\Users\vasil\Thesis-project\thesis-explainable-face-verification\data\lfw\lfw-deepfunneled\lfw-deepfunneled\Bill_Frist\Bill_Frist_0003.jpg
lfw_match_053,lfw_eval,match,C:\Users\vasil\Thesis-project\thesis-explainable-face-verification\data\lfw\lfw-deepfunneled\lfw-deepfunneled\Bill_Frist\Bill_Frist_0002.jpg,C:\Users\vasil\Thesis-project\thesis-explainable-face-verification\data\lfw\lfw-deepfunneled\lfw-deepfunneled\Bill_Frist\Bill_Frist_0007.jpg
lfw_match_054,lfw_eval,match,C:\Users\vasil\Thesis-project\thesis-explainable-face-verification\data\lfw\lfw-deepfunneled\lfw-deepfunneled\Bill_Frist\Bill_Frist_0003.jpg,C:\Users\vasil\Thesis-project\thesis-explainable-face-verification\data\lfw\lfw-deepfunneled\lfw-deepfunneled\Bill_Frist\Bill_Frist_0008.jpg
lfw_match_055,lfw_eval,match,C:\Users\vasil\Thesis-project\thesis-explainable-face-verification\data\lfw\lfw-deepfunneled\lfw-deepfunneled\Bill_McBride\Bill_McBride_0002.jpg,C:\Users\vasil\Thesis-project\thesis-explainable-face-verification\data\lfw\lfw-deepfunneled\lfw-deepfunneled\Bill_McBride\Bill_McBride_0006.jpg
lfw_match_056,lfw_eval,match,C:\Users\vasil\Thesis-project\thesis-explainable-face-verification\data\lfw\lfw-deepfunneled\lfw-deepfunneled\Bill_McBride\Bill_McBride_0002.jpg,C:\Users\vasil\Thesis-project\thesis-explainable-face-verification\data\lfw\lfw-deepfunneled\lfw-deepfunneled\Bill_McBride\Bill_McBride_0010.jpg
lfw_match_057,lfw_eval,match,C:\Users\vasil\Thesis-project\thesis-explainable-face-verification\data\lfw\lfw-deepfunneled\lfw-deepfunneled\Bill_McBride\Bill_McBride_0003.jpg,C:\Users\vasil\Thesis-project\thesis-explainable-face-verification\data\lfw\lfw-deepfunneled\lfw-deepfunneled\Bill_McBride\Bill_McBride_0009.jpg
lfw_match_058,lfw_eval,match,C:\Users\vasil\Thesis-project\thesis-explainable-face-verification\data\lfw\lfw-deepfunneled\lfw-deepfunneled\Bill_Sizemore\Bill_Sizemore_0001.jpg,C:\Users\vasil\Thesis-project\thesis-explainable-face-verification\data\lfw\lfw-deepfunneled\lfw-deepfunneled\Bill_Sizemore\Bill_Sizemore_0002.jpg
lfw_match_059,lfw_eval,match,C:\Users\vasil\Thesis-project\thesis-explainable-face-verification\data\lfw\lfw-deepfunneled\lfw-deepfunneled\Bono\Bono_0001.jpg,C:\Users\vasil\Thesis-project\thesis-explainable-face-verification\data\lfw\lfw-deepfunneled\lfw-deepfunneled\Bono\Bono_0002.jpg
lfw_match_060,lfw_eval,match,C:\Users\vasil\Thesis-project\thesis-explainable-face-verification\data\lfw\lfw-deepfunneled\lfw-deepfunneled\Bono\Bono_0001.jpg,C:\Users\vasil\Thesis-project\thesis-explainable-face-verification\data\lfw\lfw-deepfunneled\lfw-deepfunneled\Bono\Bono_0003.jpg
lfw_match_061,lfw_eval,match,C:\Users\vasil\Thesis-project\thesis-explainable-face-verification\data\lfw\lfw-deepfunneled\lfw-deepfunneled\Bono\Bono_0002.jpg,C:\Users\vasil\Thesis-project\thesis-explainable-face-verification\data\lfw\lfw-deepfunneled\lfw-deepfunneled\Bono\Bono_0003.jpg
lfw_match_062,lfw_eval,match,C:\Users\vasil\Thesis-project\thesis-explainable-face-verification\data\lfw\lfw-deepfunneled\lfw-deepfunneled\Brian_Cowen\Brian_Cowen_0001.jpg,C:\Users\vasil\Thesis-project\thesis-explainable-face-verification\data\lfw\lfw-deepfunneled\lfw-deepfunneled\Brian_Cowen\Brian_Cowen_0002.jpg
lfw_match_063,lfw_eval,match,C:\Users\vasil\Thesis-project\thesis-explainable-face-verification\data\lfw\lfw-deepfunneled\lfw-deepfunneled\Bridget_Fonda\Bridget_Fonda_0001.jpg,C:\Users\vasil\Thesis-project\thesis-explainable-face-verification\data\lfw\lfw-deepfunneled\lfw-deepfunneled\Bridget_Fonda\Bridget_Fonda_0003.jpg
lfw_match_064,lfw_eval,match,C:\Users\vasil\Thesis-project\thesis-explainable-face-verification\data\lfw\lfw-deepfunneled\lfw-deepfunneled\Bridgette_Wilson-Sampras\Bridgette_Wilson-Sampras_0001.jpg,C:\Users\vasil\Thesis-project\thesis-explainable-face-verification\data\lfw\lfw-deepfunneled\lfw-deepfunneled\Bridgette_Wilson-Sampras\Bridgette_Wilson-Sampras_0002.jpg
lfw_match_065,lfw_eval,match,C:\Users\vasil\Thesis-project\thesis-explainable-face-verification\data\lfw\lfw-deepfunneled\lfw-deepfunneled\Butch_Davis\Butch_Davis_0001.jpg,C:\Users\vasil\Thesis-project\thesis-explainable-face-verification\data\lfw\lfw-deepfunneled\lfw-deepfunneled\Butch_Davis\Butch_Davis_0002.jpg
lfw_match_066,lfw_eval,match,C:\Users\vasil\Thesis-project\thesis-explainable-face-verification\data\lfw\lfw-deepfunneled\lfw-deepfunneled\Calista_Flockhart\Calista_Flockhart_0002.jpg,C:\Users\vasil\Thesis-project\thesis-explainable-face-verification\data\lfw\lfw-deepfunneled\lfw-deepfunneled\Calista_Flockhart\Calista_Flockhart_0006.jpg
lfw_match_067,lfw_eval,match,C:\Users\vasil\Thesis-project\thesis-explainable-face-verification\data\lfw\lfw-deepfunneled\lfw-deepfunneled\Candice_Bergen\Candice_Bergen_0001.jpg,C:\Users\vasil\Thesis-project\thesis-explainable-face-verification\data\lfw\lfw-deepfunneled\lfw-deepfunneled\Candice_Bergen\Candice_Bergen_0003.jpg
lfw_match_068,lfw_eval,match,C:\Users\vasil\Thesis-project\thesis-explainable-face-verification\data\lfw\lfw-deepfunneled\lfw-deepfunneled\Carla_Del_Ponte\Carla_Del_Ponte_0002.jpg,C:\Users\vasil\Thesis-project\thesis-explainable-face-verification\data\lfw\lfw-deepfunneled\lfw-deepfunneled\Carla_Del_Ponte\Carla_Del_Ponte_0004.jpg
lfw_match_069,lfw_eval,match,C:\Users\vasil\Thesis-project\thesis-explainable-face-verification\data\lfw\lfw-deepfunneled\lfw-deepfunneled\Carla_Del_Ponte\Carla_Del_Ponte_0004.jpg,C:\Users\vasil\Thesis-project\thesis-explainable-face-verification\data\lfw\lfw-deepfunneled\lfw-deepfunneled\Carla_Del_Ponte\Carla_Del_Ponte_0005.jpg
lfw_match_070,lfw_eval,match,C:\Users\vasil\Thesis-project\thesis-explainable-face-verification\data\lfw\lfw-deepfunneled\lfw-deepfunneled\Carlos_Manuel_Pruneda\Carlos_Manuel_Pruneda_0001.jpg,C:\Users\vasil\Thesis-project\thesis-explainable-face-verification\data\lfw\lfw-deepfunneled\lfw-deepfunneled\Carlos_Manuel_Pruneda\Carlos_Manuel_Pruneda_0002.jpg
lfw_match_071,lfw_eval,match,C:\Users\vasil\Thesis-project\thesis-explainable-face-verification\data\lfw\lfw-deepfunneled\lfw-deepfunneled\Carlos_Manuel_Pruneda\Carlos_Manuel_Pruneda_0001.jpg,C:\Users\vasil\Thesis-project\thesis-explainable-face-verification\data\lfw\lfw-deepfunneled\lfw-deepfunneled\Carlos_Manuel_Pruneda\Carlos_Manuel_Pruneda_0003.jpg
lfw_match_072,lfw_eval,match,C:\Users\vasil\Thesis-project\thesis-explainable-face-verification\data\lfw\lfw-deepfunneled\lfw-deepfunneled\Carlos_Manuel_Pruneda\Carlos_Manuel_Pruneda_0002.jpg,C:\Users\vasil\Thesis-project\thesis-explainable-face-verification\data\lfw\lfw-deepfunneled\lfw-deepfunneled\Carlos_Manuel_Pruneda\Carlos_Manuel_Pruneda_0003.jpg
lfw_match_073,lfw_eval,match,C:\Users\vasil\Thesis-project\thesis-explainable-face-verification\data\lfw\lfw-deepfunneled\lfw-deepfunneled\Carlos_Moya\Carlos_Moya_0007.jpg,C:\Users\vasil\Thesis-project\thesis-explainable-face-verification\data\lfw\lfw-deepfunneled\lfw-deepfunneled\Carlos_Moya\Carlos_Moya_0011.jpg
lfw_match_074,lfw_eval,match,C:\Users\vasil\Thesis-project\thesis-explainable-face-verification\data\lfw\lfw-deepfunneled\lfw-deepfunneled\Carlos_Ortega\Carlos_Ortega_0001.jpg,C:\Users\vasil\Thesis-project\thesis-explainable-face-verification\data\lfw\lfw-deepfunneled\lfw-deepfunneled\Carlos_Ortega\Carlos_Ortega_0003.jpg
lfw_match_075,lfw_eval,match,C:\Users\vasil\Thesis-project\thesis-explainable-face-verification\data\lfw\lfw-deepfunneled\lfw-deepfunneled\Carolyn_Dawn_Johnson\Carolyn_Dawn_Johnson_0002.jpg,C:\Users\vasil\Thesis-project\thesis-explainable-face-verification\data\lfw\lfw-deepfunneled\lfw-deepfunneled\Carolyn_Dawn_Johnson\Carolyn_Dawn_Johnson_0003.jpg
lfw_match_076,lfw_eval,match,C:\Users\vasil\Thesis-project\thesis-explainable-face-verification\data\lfw\lfw-deepfunneled\lfw-deepfunneled\Carrie-Anne_Moss\Carrie-Anne_Moss_0002.jpg,C:\Users\vasil\Thesis-project\thesis-explainable-face-verification\data\lfw\lfw-deepfunneled\lfw-deepfunneled\Carrie-Anne_Moss\Carrie-Anne_Moss_0005.jpg
lfw_match_077,lfw_eval,match,C:\Users\vasil\Thesis-project\thesis-explainable-face-verification\data\lfw\lfw-deepfunneled\lfw-deepfunneled\Carson_Daly\Carson_Daly_0001.jpg,C:\Users\vasil\Thesis-project\thesis-explainable-face-verification\data\lfw\lfw-deepfunneled\lfw-deepfunneled\Carson_Daly\Carson_Daly_0002.jpg
lfw_match_078,lfw_eval,match,C:\Users\vasil\Thesis-project\thesis-explainable-face-verification\data\lfw\lfw-deepfunneled\lfw-deepfunneled\Cathy_Freeman\Cathy_Freeman_0001.jpg,C:\Users\vasil\Thesis-project\thesis-explainable-face-verification\data\lfw\lfw-deepfunneled\lfw-deepfunneled\Cathy_Freeman\Cathy_Freeman_0002.jpg
lfw_match_079,lfw_eval,match,C:\Users\vasil\Thesis-project\thesis-explainable-face-verification\data\lfw\lfw-deepfunneled\lfw-deepfunneled\Chanda_Rubin\Chanda_Rubin_0002.jpg,C:\Users\vasil\Thesis-project\thesis-explainable-face-verification\data\lfw\lfw-deepfunneled\lfw-deepfunneled\Chanda_Rubin\Chanda_Rubin_0004.jpg
lfw_match_080,lfw_eval,match,C:\Users\vasil\Thesis-project\thesis-explainable-face-verification\data\lfw\lfw-deepfunneled\lfw-deepfunneled\Chang_Dae-whan\Chang_Dae-whan_0001.jpg,C:\Users\vasil\Thesis-project\thesis-explainable-face-verification\data\lfw\lfw-deepfunneled\lfw-deepfunneled\Chang_Dae-whan\Chang_Dae-whan_0002.jpg
lfw_match_081,lfw_eval,match,C:\Users\vasil\Thesis-project\thesis-explainable-face-verification\data\lfw\lfw-deepfunneled\lfw-deepfunneled\Charles_Taylor\Charles_Taylor_0003.jpg,C:\Users\vasil\Thesis-project\thesis-explainable-face-verification\data\lfw\lfw-deepfunneled\lfw-deepfunneled\Charles_Taylor\Charles_Taylor_0009.jpg
lfw_match_082,lfw_eval,match,C:\Users\vasil\Thesis-project\thesis-explainable-face-verification\data\lfw\lfw-deepfunneled\lfw-deepfunneled\Chen_Shui-bian\Chen_Shui-bian_0003.jpg,C:\Users\vasil\Thesis-project\thesis-explainable-face-verification\data\lfw\lfw-deepfunneled\lfw-deepfunneled\Chen_Shui-bian\Chen_Shui-bian_0005.jpg
lfw_match_083,lfw_eval,match,C:\Users\vasil\Thesis-project\thesis-explainable-face-verification\data\lfw\lfw-deepfunneled\lfw-deepfunneled\Chita_Rivera\Chita_Rivera_0001.jpg,C:\Users\vasil\Thesis-project\thesis-explainable-face-verification\data\lfw\lfw-deepfunneled\lfw-deepfunneled\Chita_Rivera\Chita_Rivera_0002.jpg
lfw_match_084,lfw_eval,match,C:\Users\vasil\Thesis-project\thesis-explainable-face-verification\data\lfw\lfw-deepfunneled\lfw-deepfunneled\Chok_Tong_Goh\Chok_Tong_Goh_0001.jpg,C:\Users\vasil\Thesis-project\thesis-explainable-face-verification\data\lfw\lfw-deepfunneled\lfw-deepfunneled\Chok_Tong_Goh\Chok_Tong_Goh_0002.jpg
lfw_match_085,lfw_eval,match,C:\Users\vasil\Thesis-project\thesis-explainable-face-verification\data\lfw\lfw-deepfunneled\lfw-deepfunneled\Chris_Bell\Chris_Bell_0001.jpg,C:\Users\vasil\Thesis-project\thesis-explainable-face-verification\data\lfw\lfw-deepfunneled\lfw-deepfunneled\Chris_Bell\Chris_Bell_0002.jpg
lfw_match_086,lfw_eval,match,C:\Users\vasil\Thesis-project\thesis-explainable-face-verification\data\lfw\lfw-deepfunneled\lfw-deepfunneled\Chris_Byrd\Chris_Byrd_0001.jpg,C:\Users\vasil\Thesis-project\thesis-explainable-face-verification\data\lfw\lfw-deepfunneled\lfw-deepfunneled\Chris_Byrd\Chris_Byrd_0002.jpg
lfw_match_087,lfw_eval,match,C:\Users\vasil\Thesis-project\thesis-explainable-face-verification\data\lfw\lfw-deepfunneled\lfw-deepfunneled\Christian_Longo\Christian_Longo_0001.jpg,C:\Users\vasil\Thesis-project\thesis-explainable-face-verification\data\lfw\lfw-deepfunneled\lfw-deepfunneled\Christian_Longo\Christian_Longo_0003.jpg
lfw_match_088,lfw_eval,match,C:\Users\vasil\Thesis-project\thesis-explainable-face-verification\data\lfw\lfw-deepfunneled\lfw-deepfunneled\Christian_Longo\Christian_Longo_0002.jpg,C:\Users\vasil\Thesis-project\thesis-explainable-face-verification\data\lfw\lfw-deepfunneled\lfw-deepfunneled\Christian_Longo\Christian_Longo_0003.jpg
lfw_match_089,lfw_eval,match,C:\Users\vasil\Thesis-project\thesis-explainable-face-verification\data\lfw\lfw-deepfunneled\lfw-deepfunneled\Christian_Wulff\Christian_Wulff_0001.jpg,C:\Users\vasil\Thesis-project\thesis-explainable-face-verification\data\lfw\lfw-deepfunneled\lfw-deepfunneled\Christian_Wulff\Christian_Wulff_0002.jpg
lfw_match_090,lfw_eval,match,C:\Users\vasil\Thesis-project\thesis-explainable-face-verification\data\lfw\lfw-deepfunneled\lfw-deepfunneled\Christine_Ebersole\Christine_Ebersole_0001.jpg,C:\Users\vasil\Thesis-project\thesis-explainable-face-verification\data\lfw\lfw-deepfunneled\lfw-deepfunneled\Christine_Ebersole\Christine_Ebersole_0002.jpg
lfw_match_091,lfw_eval,match,C:\Users\vasil\Thesis-project\thesis-explainable-face-verification\data\lfw\lfw-deepfunneled\lfw-deepfunneled\Christine_Todd_Whitman\Christine_Todd_Whitman_0005.jpg,C:\Users\vasil\Thesis-project\thesis-explainable-face-verification\data\lfw\lfw-deepfunneled\lfw-deepfunneled\Christine_Todd_Whitman\Christine_Todd_Whitman_0006.jpg
lfw_match_092,lfw_eval,match,C:\Users\vasil\Thesis-project\thesis-explainable-face-verification\data\lfw\lfw-deepfunneled\lfw-deepfunneled\Christopher_Reeve\Christopher_Reeve_0001.jpg,C:\Users\vasil\Thesis-project\thesis-explainable-face-verification\data\lfw\lfw-deepfunneled\lfw-deepfunneled\Christopher_Reeve\Christopher_Reeve_0004.jpg
lfw_match_093,lfw_eval,match,C:\Users\vasil\Thesis-project\thesis-explainable-face-verification\data\lfw\lfw-deepfunneled\lfw-deepfunneled\Claire_Leger\Claire_Leger_0001.jpg,C:\Users\vasil\Thesis-project\thesis-explainable-face-verification\data\lfw\lfw-deepfunneled\lfw-deepfunneled\Claire_Leger\Claire_Leger_0002.jpg
lfw_match_094,lfw_eval,match,C:\Users\vasil\Thesis-project\thesis-explainable-face-verification\data\lfw\lfw-deepfunneled\lfw-deepfunneled\Condoleezza_Rice\Condoleezza_Rice_0002.jpg,C:\Users\vasil\Thesis-project\thesis-explainable-face-verification\data\lfw\lfw-deepfunneled\lfw-deepfunneled\Condoleezza_Rice\Condoleezza_Rice_0005.jpg
lfw_match_095,lfw_eval,match,C:\Users\vasil\Thesis-project\thesis-explainable-face-verification\data\lfw\lfw-deepfunneled\lfw-deepfunneled\Condoleezza_Rice\Condoleezza_Rice_0007.jpg,C:\Users\vasil\Thesis-project\thesis-explainable-face-verification\data\lfw\lfw-deepfunneled\lfw-deepfunneled\Condoleezza_Rice\Condoleezza_Rice_0010.jpg
lfw_match_096,lfw_eval,match,C:\Users\vasil\Thesis-project\thesis-explainable-face-verification\data\lfw\lfw-deepfunneled\lfw-deepfunneled\Cristina_Fernandez\Cristina_Fernandez_0001.jpg,C:\Users\vasil\Thesis-project\thesis-explainable-face-verification\data\lfw\lfw-deepfunneled\lfw-deepfunneled\Cristina_Fernandez\Cristina_Fernandez_0002.jpg
lfw_match_097,lfw_eval,match,C:\Users\vasil\Thesis-project\thesis-explainable-face-verification\data\lfw\lfw-deepfunneled\lfw-deepfunneled\Dai_Bachtiar\Dai_Bachtiar_0001.jpg,C:\Users\vasil\Thesis-project\thesis-explainable-face-verification\data\lfw\lfw-deepfunneled\lfw-deepfunneled\Dai_Bachtiar\Dai_Bachtiar_0002.jpg
lfw_match_098,lfw_eval,match,C:\Users\vasil\Thesis-project\thesis-explainable-face-verification\data\lfw\lfw-deepfunneled\lfw-deepfunneled\Daisy_Fuentes\Daisy_Fuentes_0003.jpg,C:\Users\vasil\Thesis-project\thesis-explainable-face-verification\data\lfw\lfw-deepfunneled\lfw-deepfunneled\Daisy_Fuentes\Daisy_Fuentes_0004.jpg
lfw_match_099,lfw_eval,match,C:\Users\vasil\Thesis-project\thesis-explainable-face-verification\data\lfw\lfw-deepfunneled\lfw-deepfunneled\Dave_Campo\Dave_Campo_0001.jpg,C:\Users\vasil\Thesis-project\thesis-explainable-face-verification\data\lfw\lfw-deepfunneled\lfw-deepfunneled\Dave_Campo\Dave_Campo_0002.jpg
lfw_match_100,lfw_eval,match,C:\Users\vasil\Thesis-project\thesis-explainable-face-verification\data\lfw\lfw-deepfunneled\lfw-deepfunneled\Dave_Campo\Dave_Campo_0002.jpg,C:\Users\vasil\Thesis-project\thesis-explainable-face-verification\data\lfw\lfw-deepfunneled\lfw-deepfunneled\Dave_Campo\Dave_Campo_0003.jpg
lfw_match_101,lfw_eval,match,C:\Users\vasil\Thesis-project\thesis-explainable-face-verification\data\lfw\lfw-deepfunneled\lfw-deepfunneled\David_Stern\David_Stern_0001.jpg,C:\Users\vasil\Thesis-project\thesis-explainable-face-verification\data\lfw\lfw-deepfunneled\lfw-deepfunneled\David_Stern\David_Stern_0004.jpg
lfw_match_102,lfw_eval,match,C:\Users\vasil\Thesis-project\thesis-explainable-face-verification\data\lfw\lfw-deepfunneled\lfw-deepfunneled\David_Stern\David_Stern_0003.jpg,C:\Users\vasil\Thesis-project\thesis-explainable-face-verification\data\lfw\lfw-deepfunneled\lfw-deepfunneled\David_Stern\David_Stern_0004.jpg
lfw_match_103,lfw_eval,match,C:\Users\vasil\Thesis-project\thesis-explainable-face-verification\data\lfw\lfw-deepfunneled\lfw-deepfunneled\Denise_Johnson\Denise_Johnson_0001.jpg,C:\Users\vasil\Thesis-project\thesis-explainable-face-verification\data\lfw\lfw-deepfunneled\lfw-deepfunneled\Denise_Johnson\Denise_Johnson_0002.jpg
lfw_match_104,lfw_eval,match,C:\Users\vasil\Thesis-project\thesis-explainable-face-verification\data\lfw\lfw-deepfunneled\lfw-deepfunneled\Dennis_Powell\Dennis_Powell_0001.jpg,C:\Users\vasil\Thesis-project\thesis-explainable-face-verification\data\lfw\lfw-deepfunneled\lfw-deepfunneled\Dennis_Powell\Dennis_Powell_0002.jpg
lfw_match_105,lfw_eval,match,C:\Users\vasil\Thesis-project\thesis-explainable-face-verification\data\lfw\lfw-deepfunneled\lfw-deepfunneled\Denzel_Washington\Denzel_Washington_0001.jpg,C:\Users\vasil\Thesis-project\thesis-explainable-face-verification\data\lfw\lfw-deepfunneled\lfw-deepfunneled\Denzel_Washington\Denzel_Washington_0003.jpg
lfw_match_106,lfw_eval,match,C:\Users\vasil\Thesis-project\thesis-explainable-face-verification\data\lfw\lfw-deepfunneled\lfw-deepfunneled\Denzel_Washington\Denzel_Washington_0002.jpg,C:\Users\vasil\Thesis-project\thesis-explainable-face-verification\data\lfw\lfw-deepfunneled\lfw-deepfunneled\Denzel_Washington\Denzel_Washington_0004.jpg
lfw_match_107,lfw_eval,match,C:\Users\vasil\Thesis-project\thesis-explainable-face-verification\data\lfw\lfw-deepfunneled\lfw-deepfunneled\Denzel_Washington\Denzel_Washington_0002.jpg,C:\Users\vasil\Thesis-project\thesis-explainable-face-verification\data\lfw\lfw-deepfunneled\lfw-deepfunneled\Denzel_Washington\Denzel_Washington_0005.jpg
lfw_match_108,lfw_eval,match,C:\Users\vasil\Thesis-project\thesis-explainable-face-verification\data\lfw\lfw-deepfunneled\lfw-deepfunneled\Derek_Jeter\Derek_Jeter_0002.jpg,C:\Users\vasil\Thesis-project\thesis-explainable-face-verification\data\lfw\lfw-deepfunneled\lfw-deepfunneled\Derek_Jeter\Derek_Jeter_0003.jpg
lfw_match_109,lfw_eval,match,C:\Users\vasil\Thesis-project\thesis-explainable-face-verification\data\lfw\lfw-deepfunneled\lfw-deepfunneled\Diane_Green\Diane_Green_0001.jpg,C:\Users\vasil\Thesis-project\thesis-explainable-face-verification\data\lfw\lfw-deepfunneled\lfw-deepfunneled\Diane_Green\Diane_Green_0002.jpg
lfw_match_110,lfw_eval,match,C:\Users\vasil\Thesis-project\thesis-explainable-face-verification\data\lfw\lfw-deepfunneled\lfw-deepfunneled\Dick_Clark\Dick_Clark_0001.jpg,C:\Users\vasil\Thesis-project\thesis-explainable-face-verification\data\lfw\lfw-deepfunneled\lfw-deepfunneled\Dick_Clark\Dick_Clark_0002.jpg
lfw_match_111,lfw_eval,match,C:\Users\vasil\Thesis-project\thesis-explainable-face-verification\data\lfw\lfw-deepfunneled\lfw-deepfunneled\Dick_Clark\Dick_Clark_0001.jpg,C:\Users\vasil\Thesis-project\thesis-explainable-face-verification\data\lfw\lfw-deepfunneled\lfw-deepfunneled\Dick_Clark\Dick_Clark_0003.jpg
lfw_match_112,lfw_eval,match,C:\Users\vasil\Thesis-project\thesis-explainable-face-verification\data\lfw\lfw-deepfunneled\lfw-deepfunneled\Dick_Clark\Dick_Clark_0002.jpg,C:\Users\vasil\Thesis-project\thesis-explainable-face-verification\data\lfw\lfw-deepfunneled\lfw-deepfunneled\Dick_Clark\Dick_Clark_0003.jpg
lfw_match_113,lfw_eval,match,C:\Users\vasil\Thesis-project\thesis-explainable-face-verification\data\lfw\lfw-deepfunneled\lfw-deepfunneled\Dick_Vermeil\Dick_Vermeil_0001.jpg,C:\Users\vasil\Thesis-project\thesis-explainable-face-verification\data\lfw\lfw-deepfunneled\lfw-deepfunneled\Dick_Vermeil\Dick_Vermeil_0002.jpg
lfw_match_114,lfw_eval,match,C:\Users\vasil\Thesis-project\thesis-explainable-face-verification\data\lfw\lfw-deepfunneled\lfw-deepfunneled\Dominique_de_Villepin\Dominique_de_Villepin_0003.jpg,C:\Users\vasil\Thesis-project\thesis-explainable-face-verification\data\lfw\lfw-deepfunneled\lfw-deepfunneled\Dominique_de_Villepin\Dominique_de_Villepin_0005.jpg
lfw_match_115,lfw_eval,match,C:\Users\vasil\Thesis-project\thesis-explainable-face-verification\data\lfw\lfw-deepfunneled\lfw-deepfunneled\Dominique_de_Villepin\Dominique_de_Villepin_0007.jpg,C:\Users\vasil\Thesis-project\thesis-explainable-face-verification\data\lfw\lfw-deepfunneled\lfw-deepfunneled\Dominique_de_Villepin\Dominique_de_Villepin_0011.jpg
lfw_match_116,lfw_eval,match,C:\Users\vasil\Thesis-project\thesis-explainable-face-verification\data\lfw\lfw-deepfunneled\lfw-deepfunneled\Dominique_de_Villepin\Dominique_de_Villepin_0014.jpg,C:\Users\vasil\Thesis-project\thesis-explainable-face-verification\data\lfw\lfw-deepfunneled\lfw-deepfunneled\Dominique_de_Villepin\Dominique_de_Villepin_0015.jpg
lfw_match_117,lfw_eval,match,C:\Users\vasil\Thesis-project\thesis-explainable-face-verification\data\lfw\lfw-deepfunneled\lfw-deepfunneled\Donald_Pettit\Donald_Pettit_0001.jpg,C:\Users\vasil\Thesis-project\thesis-explainable-face-verification\data\lfw\lfw-deepfunneled\lfw-deepfunneled\Donald_Pettit\Donald_Pettit_0002.jpg
lfw_match_118,lfw_eval,match,C:\Users\vasil\Thesis-project\thesis-explainable-face-verification\data\lfw\lfw-deepfunneled\lfw-deepfunneled\Donald_Pettit\Donald_Pettit_0002.jpg,C:\Users\vasil\Thesis-project\thesis-explainable-face-verification\data\lfw\lfw-deepfunneled\lfw-deepfunneled\Donald_Pettit\Donald_Pettit_0003.jpg
lfw_match_119,lfw_eval,match,C:\Users\vasil\Thesis-project\thesis-explainable-face-verification\data\lfw\lfw-deepfunneled\lfw-deepfunneled\Donald_Rumsfeld\Donald_Rumsfeld_0022.jpg,C:\Users\vasil\Thesis-project\thesis-explainable-face-verification\data\lfw\lfw-deepfunneled\lfw-deepfunneled\Donald_Rumsfeld\Donald_Rumsfeld_0036.jpg
lfw_match_120,lfw_eval,match,C:\Users\vasil\Thesis-project\thesis-explainable-face-verification\data\lfw\lfw-deepfunneled\lfw-deepfunneled\Donald_Rumsfeld\Donald_Rumsfeld_0028.jpg,C:\Users\vasil\Thesis-project\thesis-explainable-face-verification\data\lfw\lfw-deepfunneled\lfw-deepfunneled\Donald_Rumsfeld\Donald_Rumsfeld_0108.jpg
lfw_match_121,lfw_eval,match,C:\Users\vasil\Thesis-project\thesis-explainable-face-verification\data\lfw\lfw-deepfunneled\lfw-deepfunneled\Donald_Rumsfeld\Donald_Rumsfeld_0041.jpg,C:\Users\vasil\Thesis-project\thesis-explainable-face-verification\data\lfw\lfw-deepfunneled\lfw-deepfunneled\Donald_Rumsfeld\Donald_Rumsfeld_0048.jpg
lfw_match_122,lfw_eval,match,C:\Users\vasil\Thesis-project\thesis-explainable-face-verification\data\lfw\lfw-deepfunneled\lfw-deepfunneled\Doug_Collins\Doug_Collins_0001.jpg,C:\Users\vasil\Thesis-project\thesis-explainable-face-verification\data\lfw\lfw-deepfunneled\lfw-deepfunneled\Doug_Collins\Doug_Collins_0002.jpg
lfw_match_123,lfw_eval,match,C:\Users\vasil\Thesis-project\thesis-explainable-face-verification\data\lfw\lfw-deepfunneled\lfw-deepfunneled\Edward_Lu\Edward_Lu_0002.jpg,C:\Users\vasil\Thesis-project\thesis-explainable-face-verification\data\lfw\lfw-deepfunneled\lfw-deepfunneled\Edward_Lu\Edward_Lu_0004.jpg
lfw_match_124,lfw_eval,match,C:\Users\vasil\Thesis-project\thesis-explainable-face-verification\data\lfw\lfw-deepfunneled\lfw-deepfunneled\Edward_Norton\Edward_Norton_0001.jpg,C:\Users\vasil\Thesis-project\thesis-explainable-face-verification\data\lfw\lfw-deepfunneled\lfw-deepfunneled\Edward_Norton\Edward_Norton_0002.jpg
lfw_match_125,lfw_eval,match,C:\Users\vasil\Thesis-project\thesis-explainable-face-verification\data\lfw\lfw-deepfunneled\lfw-deepfunneled\Edwin_Edwards\Edwin_Edwards_0001.jpg,C:\Users\vasil\Thesis-project\thesis-explainable-face-verification\data\lfw\lfw-deepfunneled\lfw-deepfunneled\Edwin_Edwards\Edwin_Edwards_0002.jpg
lfw_match_126,lfw_eval,match,C:\Users\vasil\Thesis-project\thesis-explainable-face-verification\data\lfw\lfw-deepfunneled\lfw-deepfunneled\Edwin_Edwards\Edwin_Edwards_0002.jpg,C:\Users\vasil\Thesis-project\thesis-explainable-face-verification\data\lfw\lfw-deepfunneled\lfw-deepfunneled\Edwin_Edwards\Edwin_Edwards_0003.jpg
lfw_match_127,lfw_eval,match,C:\Users\vasil\Thesis-project\thesis-explainable-face-verification\data\lfw\lfw-deepfunneled\lfw-deepfunneled\Eliane_Karp\Eliane_Karp_0001.jpg,C:\Users\vasil\Thesis-project\thesis-explainable-face-verification\data\lfw\lfw-deepfunneled\lfw-deepfunneled\Eliane_Karp\Eliane_Karp_0004.jpg
lfw_match_128,lfw_eval,match,C:\Users\vasil\Thesis-project\thesis-explainable-face-verification\data\lfw\lfw-deepfunneled\lfw-deepfunneled\Eliane_Karp\Eliane_Karp_0002.jpg,C:\Users\vasil\Thesis-project\thesis-explainable-face-verification\data\lfw\lfw-deepfunneled\lfw-deepfunneled\Eliane_Karp\Eliane_Karp_0003.jpg
lfw_match_129,lfw_eval,match,C:\Users\vasil\Thesis-project\thesis-explainable-face-verification\data\lfw\lfw-deepfunneled\lfw-deepfunneled\Elin_Nordegren\Elin_Nordegren_0001.jpg,C:\Users\vasil\Thesis-project\thesis-explainable-face-verification\data\lfw\lfw-deepfunneled\lfw-deepfunneled\Elin_Nordegren\Elin_Nordegren_0002.jpg
lfw_match_130,lfw_eval,match,C:\Users\vasil\Thesis-project\thesis-explainable-face-verification\data\lfw\lfw-deepfunneled\lfw-deepfunneled\Elinor_Caplan\Elinor_Caplan_0001.jpg,C:\Users\vasil\Thesis-project\thesis-explainable-face-verification\data\lfw\lfw-deepfunneled\lfw-deepfunneled\Elinor_Caplan\Elinor_Caplan_0002.jpg
lfw_match_131,lfw_eval,match,C:\Users\vasil\Thesis-project\thesis-explainable-face-verification\data\lfw\lfw-deepfunneled\lfw-deepfunneled\Elisabeth_Schumacher\Elisabeth_Schumacher_0001.jpg,C:\Users\vasil\Thesis-project\thesis-explainable-face-verification\data\lfw\lfw-deepfunneled\lfw-deepfunneled\Elisabeth_Schumacher\Elisabeth_Schumacher_0002.jpg
lfw_match_132,lfw_eval,match,C:\Users\vasil\Thesis-project\thesis-explainable-face-verification\data\lfw\lfw-deepfunneled\lfw-deepfunneled\Elizabeth_Smart\Elizabeth_Smart_0001.jpg,C:\Users\vasil\Thesis-project\thesis-explainable-face-verification\data\lfw\lfw-deepfunneled\lfw-deepfunneled\Elizabeth_Smart\Elizabeth_Smart_0005.jpg
lfw_match_133,lfw_eval,match,C:\Users\vasil\Thesis-project\thesis-explainable-face-verification\data\lfw\lfw-deepfunneled\lfw-deepfunneled\Elizabeth_Smart\Elizabeth_Smart_0003.jpg,C:\Users\vasil\Thesis-project\thesis-explainable-face-verification\data\lfw\lfw-deepfunneled\lfw-deepfunneled\Elizabeth_Smart\Elizabeth_Smart_0004.jpg
lfw_match_134,lfw_eval,match,C:\Users\vasil\Thesis-project\thesis-explainable-face-verification\data\lfw\lfw-deepfunneled\lfw-deepfunneled\Elsa_Zylberstein\Elsa_Zylberstein_0001.jpg,C:\Users\vasil\Thesis-project\thesis-explainable-face-verification\data\lfw\lfw-deepfunneled\lfw-deepfunneled\Elsa_Zylberstein\Elsa_Zylberstein_0002.jpg
lfw_match_135,lfw_eval,match,C:\Users\vasil\Thesis-project\thesis-explainable-face-verification\data\lfw\lfw-deepfunneled\lfw-deepfunneled\Elsa_Zylberstein\Elsa_Zylberstein_0001.jpg,C:\Users\vasil\Thesis-project\thesis-explainable-face-verification\data\lfw\lfw-deepfunneled\lfw-deepfunneled\Elsa_Zylberstein\Elsa_Zylberstein_0005.jpg
lfw_match_136,lfw_eval,match,C:\Users\vasil\Thesis-project\thesis-explainable-face-verification\data\lfw\lfw-deepfunneled\lfw-deepfunneled\Elsa_Zylberstein\Elsa_Zylberstein_0003.jpg,C:\Users\vasil\Thesis-project\thesis-explainable-face-verification\data\lfw\lfw-deepfunneled\lfw-deepfunneled\Elsa_Zylberstein\Elsa_Zylberstein_0006.jpg
lfw_match_137,lfw_eval,match,C:\Users\vasil\Thesis-project\thesis-explainable-face-verification\data\lfw\lfw-deepfunneled\lfw-deepfunneled\Emma_Watson\Emma_Watson_0001.jpg,C:\Users\vasil\Thesis-project\thesis-explainable-face-verification\data\lfw\lfw-deepfunneled\lfw-deepfunneled\Emma_Watson\Emma_Watson_0004.jpg
lfw_match_138,lfw_eval,match,C:\Users\vasil\Thesis-project\thesis-explainable-face-verification\data\lfw\lfw-deepfunneled\lfw-deepfunneled\Emma_Watson\Emma_Watson_0002.jpg,C:\Users\vasil\Thesis-project\thesis-explainable-face-verification\data\lfw\lfw-deepfunneled\lfw-deepfunneled\Emma_Watson\Emma_Watson_0003.jpg
lfw_match_139,lfw_eval,match,C:\Users\vasil\Thesis-project\thesis-explainable-face-verification\data\lfw\lfw-deepfunneled\lfw-deepfunneled\Emma_Watson\Emma_Watson_0003.jpg,C:\Users\vasil\Thesis-project\thesis-explainable-face-verification\data\lfw\lfw-deepfunneled\lfw-deepfunneled\Emma_Watson\Emma_Watson_0005.jpg
lfw_match_140,lfw_eval,match,C:\Users\vasil\Thesis-project\thesis-explainable-face-verification\data\lfw\lfw-deepfunneled\lfw-deepfunneled\Erik_Morales\Erik_Morales_0001.jpg,C:\Users\vasil\Thesis-project\thesis-explainable-face-verification\data\lfw\lfw-deepfunneled\lfw-deepfunneled\Erik_Morales\Erik_Morales_0003.jpg
lfw_match_141,lfw_eval,match,C:\Users\vasil\Thesis-project\thesis-explainable-face-verification\data\lfw\lfw-deepfunneled\lfw-deepfunneled\Erika_Christensen\Erika_Christensen_0001.jpg,C:\Users\vasil\Thesis-project\thesis-explainable-face-verification\data\lfw\lfw-deepfunneled\lfw-deepfunneled\Erika_Christensen\Erika_Christensen_0002.jpg
lfw_match_142,lfw_eval,match,C:\Users\vasil\Thesis-project\thesis-explainable-face-verification\data\lfw\lfw-deepfunneled\lfw-deepfunneled\Erin_Runnion\Erin_Runnion_0003.jpg,C:\Users\vasil\Thesis-project\thesis-explainable-face-verification\data\lfw\lfw-deepfunneled\lfw-deepfunneled\Erin_Runnion\Erin_Runnion_0004.jpg
lfw_match_143,lfw_eval,match,C:\Users\vasil\Thesis-project\thesis-explainable-face-verification\data\lfw\lfw-deepfunneled\lfw-deepfunneled\Ernie_Fletcher\Ernie_Fletcher_0001.jpg,C:\Users\vasil\Thesis-project\thesis-explainable-face-verification\data\lfw\lfw-deepfunneled\lfw-deepfunneled\Ernie_Fletcher\Ernie_Fletcher_0002.jpg
lfw_match_144,lfw_eval,match,C:\Users\vasil\Thesis-project\thesis-explainable-face-verification\data\lfw\lfw-deepfunneled\lfw-deepfunneled\Fabiola_Zuluaga\Fabiola_Zuluaga_0001.jpg,C:\Users\vasil\Thesis-project\thesis-explainable-face-verification\data\lfw\lfw-deepfunneled\lfw-deepfunneled\Fabiola_Zuluaga\Fabiola_Zuluaga_0002.jpg
lfw_match_145,lfw_eval,match,C:\Users\vasil\Thesis-project\thesis-explainable-face-verification\data\lfw\lfw-deepfunneled\lfw-deepfunneled\Felipe_Perez_Roque\Felipe_Perez_Roque_0001.jpg,C:\Users\vasil\Thesis-project\thesis-explainable-face-verification\data\lfw\lfw-deepfunneled\lfw-deepfunneled\Felipe_Perez_Roque\Felipe_Perez_Roque_0004.jpg
lfw_match_146,lfw_eval,match,C:\Users\vasil\Thesis-project\thesis-explainable-face-verification\data\lfw\lfw-deepfunneled\lfw-deepfunneled\Felipe_Perez_Roque\Felipe_Perez_Roque_0002.jpg,C:\Users\vasil\Thesis-project\thesis-explainable-face-verification\data\lfw\lfw-deepfunneled\lfw-deepfunneled\Felipe_Perez_Roque\Felipe_Perez_Roque_0004.jpg
lfw_match_147,lfw_eval,match,C:\Users\vasil\Thesis-project\thesis-explainable-face-verification\data\lfw\lfw-deepfunneled\lfw-deepfunneled\Fernando_Vargas\Fernando_Vargas_0002.jpg,C:\Users\vasil\Thesis-project\thesis-explainable-face-verification\data\lfw\lfw-deepfunneled\lfw-deepfunneled\Fernando_Vargas\Fernando_Vargas_0004.jpg
lfw_match_148,lfw_eval,match,C:\Users\vasil\Thesis-project\thesis-explainable-face-verification\data\lfw\lfw-deepfunneled\lfw-deepfunneled\Flor_Montulo\Flor_Montulo_0001.jpg,C:\Users\vasil\Thesis-project\thesis-explainable-face-verification\data\lfw\lfw-deepfunneled\lfw-deepfunneled\Flor_Montulo\Flor_Montulo_0002.jpg
lfw_match_149,lfw_eval,match,C:\Users\vasil\Thesis-project\thesis-explainable-face-verification\data\lfw\lfw-deepfunneled\lfw-deepfunneled\Frank_Cassell\Frank_Cassell_0001.jpg,C:\Users\vasil\Thesis-project\thesis-explainable-face-verification\data\lfw\lfw-deepfunneled\lfw-deepfunneled\Frank_Cassell\Frank_Cassell_0002.jpg
lfw_match_150,lfw_eval,match,C:\Users\vasil\Thesis-project\thesis-explainable-face-verification\data\lfw\lfw-deepfunneled\lfw-deepfunneled\Frank_Dunham_Jr\Frank_Dunham_Jr_0001.jpg,C:\Users\vasil\Thesis-project\thesis-explainable-face-verification\data\lfw\lfw-deepfunneled\lfw-deepfunneled\Frank_Dunham_Jr\Frank_Dunham_Jr_0002.jpg
lfw_nonmatch_001,lfw_eval,non-match,C:\Users\vasil\Thesis-project\thesis-explainable-face-verification\data\lfw\lfw-deepfunneled\lfw-deepfunneled\AJ_Lamas\AJ_Lamas_0001.jpg,C:\Users\vasil\Thesis-project\thesis-explainable-face-verification\data\lfw\lfw-deepfunneled\lfw-deepfunneled\Zach_Safrin\Zach_Safrin_0001.jpg
lfw_nonmatch_002,lfw_eval,non-match,C:\Users\vasil\Thesis-project\thesis-explainable-face-verification\data\lfw\lfw-deepfunneled\lfw-deepfunneled\Aaron_Guiel\Aaron_Guiel_0001.jpg,C:\Users\vasil\Thesis-project\thesis-explainable-face-verification\data\lfw\lfw-deepfunneled\lfw-deepfunneled\Reese_Witherspoon\Reese_Witherspoon_0003.jpg
lfw_nonmatch_003,lfw_eval,non-match,C:\Users\vasil\Thesis-project\thesis-explainable-face-verification\data\lfw\lfw-deepfunneled\lfw-deepfunneled\Aaron_Tippin\Aaron_Tippin_0001.jpg,C:\Users\vasil\Thesis-project\thesis-explainable-face-verification\data\lfw\lfw-deepfunneled\lfw-deepfunneled\Jose_Luis_Rodriguez_Zapatero\Jose_Luis_Rodriguez_Zapatero_0001.jpg
lfw_nonmatch_004,lfw_eval,non-match,C:\Users\vasil\Thesis-project\thesis-explainable-face-verification\data\lfw\lfw-deepfunneled\lfw-deepfunneled\Abdul_Majeed_Shobokshi\Abdul_Majeed_Shobokshi_0001.jpg,C:\Users\vasil\Thesis-project\thesis-explainable-face-verification\data\lfw\lfw-deepfunneled\lfw-deepfunneled\Charles_Cope\Charles_Cope_0001.jpg
lfw_nonmatch_005,lfw_eval,non-match,C:\Users\vasil\Thesis-project\thesis-explainable-face-verification\data\lfw\lfw-deepfunneled\lfw-deepfunneled\Abdullah_Gul\Abdullah_Gul_0016.jpg,C:\Users\vasil\Thesis-project\thesis-explainable-face-verification\data\lfw\lfw-deepfunneled\lfw-deepfunneled\Steve_Cox\Steve_Cox_0001.jpg
lfw_nonmatch_006,lfw_eval,non-match,C:\Users\vasil\Thesis-project\thesis-explainable-face-verification\data\lfw\lfw-deepfunneled\lfw-deepfunneled\Abid_Hamid_Mahmud_Al-Tikriti\Abid_Hamid_Mahmud_Al-Tikriti_0001.jpg,C:\Users\vasil\Thesis-project\thesis-explainable-face-verification\data\lfw\lfw-deepfunneled\lfw-deepfunneled\Eli_Broad\Eli_Broad_0001.jpg
lfw_nonmatch_007,lfw_eval,non-match,C:\Users\vasil\Thesis-project\thesis-explainable-face-verification\data\lfw\lfw-deepfunneled\lfw-deepfunneled\Adam_Kennedy\Adam_Kennedy_0001.jpg,C:\Users\vasil\Thesis-project\thesis-explainable-face-verification\data\lfw\lfw-deepfunneled\lfw-deepfunneled\Amelie_Mauresmo\Amelie_Mauresmo_0019.jpg
lfw_nonmatch_008,lfw_eval,non-match,C:\Users\vasil\Thesis-project\thesis-explainable-face-verification\data\lfw\lfw-deepfunneled\lfw-deepfunneled\Adel_Al-Jubeir\Adel_Al-Jubeir_0001.jpg,C:\Users\vasil\Thesis-project\thesis-explainable-face-verification\data\lfw\lfw-deepfunneled\lfw-deepfunneled\Elisabeth_Welch\Elisabeth_Welch_0001.jpg
lfw_nonmatch_009,lfw_eval,non-match,C:\Users\vasil\Thesis-project\thesis-explainable-face-verification\data\lfw\lfw-deepfunneled\lfw-deepfunneled\Adrian_Murrell\Adrian_Murrell_0001.jpg,C:\Users\vasil\Thesis-project\thesis-explainable-face-verification\data\lfw\lfw-deepfunneled\lfw-deepfunneled\Tommy_Franks\Tommy_Franks_0015.jpg
lfw_nonmatch_010,lfw_eval,non-match,C:\Users\vasil\Thesis-project\thesis-explainable-face-verification\data\lfw\lfw-deepfunneled\lfw-deepfunneled\Adriana_Lima\Adriana_Lima_0001.jpg,C:\Users\vasil\Thesis-project\thesis-explainable-face-verification\data\lfw\lfw-deepfunneled\lfw-deepfunneled\Terrence_Trammell\Terrence_Trammell_0001.jpg
lfw_nonmatch_011,lfw_eval,non-match,C:\Users\vasil\Thesis-project\thesis-explainable-face-verification\data\lfw\lfw-deepfunneled\lfw-deepfunneled\Adriana_Perez_Navarro\Adriana_Perez_Navarro_0001.jpg,C:\Users\vasil\Thesis-project\thesis-explainable-face-verification\data\lfw\lfw-deepfunneled\lfw-deepfunneled\Jennifer_Capriati\Jennifer_Capriati_0008.jpg
lfw_nonmatch_012,lfw_eval,non-match,C:\Users\vasil\Thesis-project\thesis-explainable-face-verification\data\lfw\lfw-deepfunneled\lfw-deepfunneled\Agbani_Darego\Agbani_Darego_0001.jpg,C:\Users\vasil\Thesis-project\thesis-explainable-face-verification\data\lfw\lfw-deepfunneled\lfw-deepfunneled\Malik_Mahmud\Malik_Mahmud_0001.jpg
lfw_nonmatch_013,lfw_eval,non-match,C:\Users\vasil\Thesis-project\thesis-explainable-face-verification\data\lfw\lfw-deepfunneled\lfw-deepfunneled\Ahmed_Ghazi\Ahmed_Ghazi_0001.jpg,C:\Users\vasil\Thesis-project\thesis-explainable-face-verification\data\lfw\lfw-deepfunneled\lfw-deepfunneled\Henry_Suazo\Henry_Suazo_0001.jpg
lfw_nonmatch_014,lfw_eval,non-match,C:\Users\vasil\Thesis-project\thesis-explainable-face-verification\data\lfw\lfw-deepfunneled\lfw-deepfunneled\Aileen_Riggin_Soule\Aileen_Riggin_Soule_0001.jpg,C:\Users\vasil\Thesis-project\thesis-explainable-face-verification\data\lfw\lfw-deepfunneled\lfw-deepfunneled\Damarius_Bilbo\Damarius_Bilbo_0001.jpg
lfw_nonmatch_015,lfw_eval,non-match,C:\Users\vasil\Thesis-project\thesis-explainable-face-verification\data\lfw\lfw-deepfunneled\lfw-deepfunneled\Ain_Seppik\Ain_Seppik_0001.jpg,C:\Users\vasil\Thesis-project\thesis-explainable-face-verification\data\lfw\lfw-deepfunneled\lfw-deepfunneled\Donald_Regan\Donald_Regan_0001.jpg
lfw_nonmatch_016,lfw_eval,non-match,C:\Users\vasil\Thesis-project\thesis-explainable-face-verification\data\lfw\lfw-deepfunneled\lfw-deepfunneled\Aitor_Gonzalez\Aitor_Gonzalez_0001.jpg,C:\Users\vasil\Thesis-project\thesis-explainable-face-verification\data\lfw\lfw-deepfunneled\lfw-deepfunneled\Lily_Tomlin\Lily_Tomlin_0002.jpg
lfw_nonmatch_017,lfw_eval,non-match,C:\Users\vasil\Thesis-project\thesis-explainable-face-verification\data\lfw\lfw-deepfunneled\lfw-deepfunneled\Al_Cardenas\Al_Cardenas_0001.jpg,C:\Users\vasil\Thesis-project\thesis-explainable-face-verification\data\lfw\lfw-deepfunneled\lfw-deepfunneled\Mary_Landrieu\Mary_Landrieu_0003.jpg
lfw_nonmatch_018,lfw_eval,non-match,C:\Users\vasil\Thesis-project\thesis-explainable-face-verification\data\lfw\lfw-deepfunneled\lfw-deepfunneled\Al_Davis\Al_Davis_0002.jpg,C:\Users\vasil\Thesis-project\thesis-explainable-face-verification\data\lfw\lfw-deepfunneled\lfw-deepfunneled\Dennis_Powell\Dennis_Powell_0001.jpg
lfw_nonmatch_019,lfw_eval,non-match,C:\Users\vasil\Thesis-project\thesis-explainable-face-verification\data\lfw\lfw-deepfunneled\lfw-deepfunneled\Al_Pacino\Al_Pacino_0001.jpg,C:\Users\vasil\Thesis-project\thesis-explainable-face-verification\data\lfw\lfw-deepfunneled\lfw-deepfunneled\Izzat_Ibrahim\Izzat_Ibrahim_0001.jpg
lfw_nonmatch_020,lfw_eval,non-match,C:\Users\vasil\Thesis-project\thesis-explainable-face-verification\data\lfw\lfw-deepfunneled\lfw-deepfunneled\Aleksander_Voloshin\Aleksander_Voloshin_0001.jpg,C:\Users\vasil\Thesis-project\thesis-explainable-face-verification\data\lfw\lfw-deepfunneled\lfw-deepfunneled\Ashlea_Talbot\Ashlea_Talbot_0001.jpg
lfw_nonmatch_021,lfw_eval,non-match,C:\Users\vasil\Thesis-project\thesis-explainable-face-verification\data\lfw\lfw-deepfunneled\lfw-deepfunneled\Alex_Cabrera\Alex_Cabrera_0001.jpg,C:\Users\vasil\Thesis-project\thesis-explainable-face-verification\data\lfw\lfw-deepfunneled\lfw-deepfunneled\Richard_Carl\Richard_Carl_0001.jpg
lfw_nonmatch_022,lfw_eval,non-match,C:\Users\vasil\Thesis-project\thesis-explainable-face-verification\data\lfw\lfw-deepfunneled\lfw-deepfunneled\Alex_Corretja\Alex_Corretja_0001.jpg,C:\Users\vasil\Thesis-project\thesis-explainable-face-verification\data\lfw\lfw-deepfunneled\lfw-deepfunneled\Newt_Gingrich\Newt_Gingrich_0001.jpg
lfw_nonmatch_023,lfw_eval,non-match,C:\Users\vasil\Thesis-project\thesis-explainable-face-verification\data\lfw\lfw-deepfunneled\lfw-deepfunneled\Alex_Corretja\Alex_Corretja_0001.jpg,C:\Users\vasil\Thesis-project\thesis-explainable-face-verification\data\lfw\lfw-deepfunneled\lfw-deepfunneled\Tippi_Hedren\Tippi_Hedren_0002.jpg
lfw_nonmatch_024,lfw_eval,non-match,C:\Users\vasil\Thesis-project\thesis-explainable-face-verification\data\lfw\lfw-deepfunneled\lfw-deepfunneled\Alexandra_Rozovskaya\Alexandra_Rozovskaya_0001.jpg,C:\Users\vasil\Thesis-project\thesis-explainable-face-verification\data\lfw\lfw-deepfunneled\lfw-deepfunneled\Don_King\Don_King_0001.jpg
lfw_nonmatch_025,lfw_eval,non-match,C:\Users\vasil\Thesis-project\thesis-explainable-face-verification\data\lfw\lfw-deepfunneled\lfw-deepfunneled\Ali_Fallahian\Ali_Fallahian_0001.jpg,C:\Users\vasil\Thesis-project\thesis-explainable-face-verification\data\lfw\lfw-deepfunneled\lfw-deepfunneled\Mohammed_Abulhasan\Mohammed_Abulhasan_0001.jpg
lfw_nonmatch_026,lfw_eval,non-match,C:\Users\vasil\Thesis-project\thesis-explainable-face-verification\data\lfw\lfw-deepfunneled\lfw-deepfunneled\Ali_Naimi\Ali_Naimi_0008.jpg,C:\Users\vasil\Thesis-project\thesis-explainable-face-verification\data\lfw\lfw-deepfunneled\lfw-deepfunneled\Vanessa_Laine\Vanessa_Laine_0001.jpg
lfw_nonmatch_027,lfw_eval,non-match,C:\Users\vasil\Thesis-project\thesis-explainable-face-verification\data\lfw\lfw-deepfunneled\lfw-deepfunneled\Alicia_Keys\Alicia_Keys_0001.jpg,C:\Users\vasil\Thesis-project\thesis-explainable-face-verification\data\lfw\lfw-deepfunneled\lfw-deepfunneled\Giannina_Facio\Giannina_Facio_0001.jpg
lfw_nonmatch_028,lfw_eval,non-match,C:\Users\vasil\Thesis-project\thesis-explainable-face-verification\data\lfw\lfw-deepfunneled\lfw-deepfunneled\Alicia_Molik\Alicia_Molik_0001.jpg,C:\Users\vasil\Thesis-project\thesis-explainable-face-verification\data\lfw\lfw-deepfunneled\lfw-deepfunneled\Lena_Katina\Lena_Katina_0001.jpg
lfw_nonmatch_029,lfw_eval,non-match,C:\Users\vasil\Thesis-project\thesis-explainable-face-verification\data\lfw\lfw-deepfunneled\lfw-deepfunneled\Aline_Chretien\Aline_Chretien_0001.jpg,C:\Users\vasil\Thesis-project\thesis-explainable-face-verification\data\lfw\lfw-deepfunneled\lfw-deepfunneled\Carlos_Iturgaitz\Carlos_Iturgaitz_0001.jpg
lfw_nonmatch_030,lfw_eval,non-match,C:\Users\vasil\Thesis-project\thesis-explainable-face-verification\data\lfw\lfw-deepfunneled\lfw-deepfunneled\Alisha_Richman\Alisha_Richman_0001.jpg,C:\Users\vasil\Thesis-project\thesis-explainable-face-verification\data\lfw\lfw-deepfunneled\lfw-deepfunneled\Spencer_Abraham\Spencer_Abraham_0009.jpg
lfw_nonmatch_031,lfw_eval,non-match,C:\Users\vasil\Thesis-project\thesis-explainable-face-verification\data\lfw\lfw-deepfunneled\lfw-deepfunneled\Allison_Searing\Allison_Searing_0001.jpg,C:\Users\vasil\Thesis-project\thesis-explainable-face-verification\data\lfw\lfw-deepfunneled\lfw-deepfunneled\Amy_Gale\Amy_Gale_0001.jpg
lfw_nonmatch_032,lfw_eval,non-match,C:\Users\vasil\Thesis-project\thesis-explainable-face-verification\data\lfw\lfw-deepfunneled\lfw-deepfunneled\Allison_Searing\Allison_Searing_0001.jpg,C:\Users\vasil\Thesis-project\thesis-explainable-face-verification\data\lfw\lfw-deepfunneled\lfw-deepfunneled\Mark_Martin\Mark_Martin_0001.jpg
lfw_nonmatch_033,lfw_eval,non-match,C:\Users\vasil\Thesis-project\thesis-explainable-face-verification\data\lfw\lfw-deepfunneled\lfw-deepfunneled\Allison_Searing\Allison_Searing_0001.jpg,C:\Users\vasil\Thesis-project\thesis-explainable-face-verification\data\lfw\lfw-deepfunneled\lfw-deepfunneled\Phillip_Fulmer\Phillip_Fulmer_0001.jpg
lfw_nonmatch_034,lfw_eval,non-match,C:\Users\vasil\Thesis-project\thesis-explainable-face-verification\data\lfw\lfw-deepfunneled\lfw-deepfunneled\Allison_Searing\Allison_Searing_0001.jpg,C:\Users\vasil\Thesis-project\thesis-explainable-face-verification\data\lfw\lfw-deepfunneled\lfw-deepfunneled\Warren_Beatty\Warren_Beatty_0001.jpg
lfw_nonmatch_035,lfw_eval,non-match,C:\Users\vasil\Thesis-project\thesis-explainable-face-verification\data\lfw\lfw-deepfunneled\lfw-deepfunneled\Amanda_Marsh\Amanda_Marsh_0001.jpg,C:\Users\vasil\Thesis-project\thesis-explainable-face-verification\data\lfw\lfw-deepfunneled\lfw-deepfunneled\Howard_Smith\Howard_Smith_0002.jpg
lfw_nonmatch_036,lfw_eval,non-match,C:\Users\vasil\Thesis-project\thesis-explainable-face-verification\data\lfw\lfw-deepfunneled\lfw-deepfunneled\Amanda_Marsh\Amanda_Marsh_0001.jpg,C:\Users\vasil\Thesis-project\thesis-explainable-face-verification\data\lfw\lfw-deepfunneled\lfw-deepfunneled\Svetlana_Koroleva\Svetlana_Koroleva_0002.jpg
lfw_nonmatch_037,lfw_eval,non-match,C:\Users\vasil\Thesis-project\thesis-explainable-face-verification\data\lfw\lfw-deepfunneled\lfw-deepfunneled\Amelie_Mauresmo\Amelie_Mauresmo_0006.jpg,C:\Users\vasil\Thesis-project\thesis-explainable-face-verification\data\lfw\lfw-deepfunneled\lfw-deepfunneled\Terri_Clark\Terri_Clark_0001.jpg
lfw_nonmatch_038,lfw_eval,non-match,C:\Users\vasil\Thesis-project\thesis-explainable-face-verification\data\lfw\lfw-deepfunneled\lfw-deepfunneled\Amporn_Falise\Amporn_Falise_0001.jpg,C:\Users\vasil\Thesis-project\thesis-explainable-face-verification\data\lfw\lfw-deepfunneled\lfw-deepfunneled\Christiane_Wulff\Christiane_Wulff_0001.jpg
lfw_nonmatch_039,lfw_eval,non-match,C:\Users\vasil\Thesis-project\thesis-explainable-face-verification\data\lfw\lfw-deepfunneled\lfw-deepfunneled\Amporn_Falise\Amporn_Falise_0001.jpg,C:\Users\vasil\Thesis-project\thesis-explainable-face-verification\data\lfw\lfw-deepfunneled\lfw-deepfunneled\Liza_Minnelli\Liza_Minnelli_0002.jpg
lfw_nonmatch_040,lfw_eval,non-match,C:\Users\vasil\Thesis-project\thesis-explainable-face-verification\data\lfw\lfw-deepfunneled\lfw-deepfunneled\Amporn_Falise\Amporn_Falise_0001.jpg,C:\Users\vasil\Thesis-project\thesis-explainable-face-verification\data\lfw\lfw-deepfunneled\lfw-deepfunneled\Zhang_Yimou\Zhang_Yimou_0001.jpg
lfw_nonmatch_041,lfw_eval,non-match,C:\Users\vasil\Thesis-project\thesis-explainable-face-verification\data\lfw\lfw-deepfunneled\lfw-deepfunneled\Amy_Gale\Amy_Gale_0001.jpg,C:\Users\vasil\Thesis-project\thesis-explainable-face-verification\data\lfw\lfw-deepfunneled\lfw-deepfunneled\Frank_Murkowski\Frank_Murkowski_0001.jpg
lfw_nonmatch_042,lfw_eval,non-match,C:\Users\vasil\Thesis-project\thesis-explainable-face-verification\data\lfw\lfw-deepfunneled\lfw-deepfunneled\Ana_Palacio\Ana_Palacio_0005.jpg,C:\Users\vasil\Thesis-project\thesis-explainable-face-verification\data\lfw\lfw-deepfunneled\lfw-deepfunneled\Erika_Christensen\Erika_Christensen_0002.jpg
lfw_nonmatch_043,lfw_eval,non-match,C:\Users\vasil\Thesis-project\thesis-explainable-face-verification\data\lfw\lfw-deepfunneled\lfw-deepfunneled\Ana_Palacio\Ana_Palacio_0006.jpg,C:\Users\vasil\Thesis-project\thesis-explainable-face-verification\data\lfw\lfw-deepfunneled\lfw-deepfunneled\Robert_Gordon_Card\Robert_Gordon_Card_0001.jpg
lfw_nonmatch_044,lfw_eval,non-match,C:\Users\vasil\Thesis-project\thesis-explainable-face-verification\data\lfw\lfw-deepfunneled\lfw-deepfunneled\Andrew_Caldecott\Andrew_Caldecott_0001.jpg,C:\Users\vasil\Thesis-project\thesis-explainable-face-verification\data\lfw\lfw-deepfunneled\lfw-deepfunneled\Joe_Strummer\Joe_Strummer_0001.jpg
lfw_nonmatch_045,lfw_eval,non-match,C:\Users\vasil\Thesis-project\thesis-explainable-face-verification\data\lfw\lfw-deepfunneled\lfw-deepfunneled\Andrew_Shutley\Andrew_Shutley_0001.jpg,C:\Users\vasil\Thesis-project\thesis-explainable-face-verification\data\lfw\lfw-deepfunneled\lfw-deepfunneled\Charles_Taylor\Charles_Taylor_0007.jpg
lfw_nonmatch_046,lfw_eval,non-match,C:\Users\vasil\Thesis-project\thesis-explainable-face-verification\data\lfw\lfw-deepfunneled\lfw-deepfunneled\Andrew_Wetzler\Andrew_Wetzler_0001.jpg,C:\Users\vasil\Thesis-project\thesis-explainable-face-verification\data\lfw\lfw-deepfunneled\lfw-deepfunneled\Cristina_Torrens_Valero\Cristina_Torrens_Valero_0001.jpg
lfw_nonmatch_047,lfw_eval,non-match,C:\Users\vasil\Thesis-project\thesis-explainable-face-verification\data\lfw\lfw-deepfunneled\lfw-deepfunneled\Angela_Mascia-Frye\Angela_Mascia-Frye_0001.jpg,C:\Users\vasil\Thesis-project\thesis-explainable-face-verification\data\lfw\lfw-deepfunneled\lfw-deepfunneled\Derrick_Taylor\Derrick_Taylor_0001.jpg
lfw_nonmatch_048,lfw_eval,non-match,C:\Users\vasil\Thesis-project\thesis-explainable-face-verification\data\lfw\lfw-deepfunneled\lfw-deepfunneled\Ann_Godbehere\Ann_Godbehere_0001.jpg,C:\Users\vasil\Thesis-project\thesis-explainable-face-verification\data\lfw\lfw-deepfunneled\lfw-deepfunneled\Paul_Newman\Paul_Newman_0001.jpg
lfw_nonmatch_049,lfw_eval,non-match,C:\Users\vasil\Thesis-project\thesis-explainable-face-verification\data\lfw\lfw-deepfunneled\lfw-deepfunneled\Ann_Godbehere\Ann_Godbehere_0001.jpg,C:\Users\vasil\Thesis-project\thesis-explainable-face-verification\data\lfw\lfw-deepfunneled\lfw-deepfunneled\Tatiana_Kennedy_Schlossberg\Tatiana_Kennedy_Schlossberg_0001.jpg
lfw_nonmatch_050,lfw_eval,non-match,C:\Users\vasil\Thesis-project\thesis-explainable-face-verification\data\lfw\lfw-deepfunneled\lfw-deepfunneled\Anna_Chicherova\Anna_Chicherova_0001.jpg,C:\Users\vasil\Thesis-project\thesis-explainable-face-verification\data\lfw\lfw-deepfunneled\lfw-deepfunneled\Bob_Iger\Bob_Iger_0001.jpg
lfw_nonmatch_051,lfw_eval,non-match,C:\Users\vasil\Thesis-project\thesis-explainable-face-verification\data\lfw\lfw-deepfunneled\lfw-deepfunneled\Anna_Nicole_Smith\Anna_Nicole_Smith_0001.jpg,C:\Users\vasil\Thesis-project\thesis-explainable-face-verification\data\lfw\lfw-deepfunneled\lfw-deepfunneled\Tony_Shalhoub\Tony_Shalhoub_0004.jpg
lfw_nonmatch_052,lfw_eval,non-match,C:\Users\vasil\Thesis-project\thesis-explainable-face-verification\data\lfw\lfw-deepfunneled\lfw-deepfunneled\Anne_Krueger\Anne_Krueger_0003.jpg,C:\Users\vasil\Thesis-project\thesis-explainable-face-verification\data\lfw\lfw-deepfunneled\lfw-deepfunneled\Lucrecia_Orozco\Lucrecia_Orozco_0001.jpg
lfw_nonmatch_053,lfw_eval,non-match,C:\Users\vasil\Thesis-project\thesis-explainable-face-verification\data\lfw\lfw-deepfunneled\lfw-deepfunneled\Anne_McLellan\Anne_McLellan_0002.jpg,C:\Users\vasil\Thesis-project\thesis-explainable-face-verification\data\lfw\lfw-deepfunneled\lfw-deepfunneled\Richard_Penniman\Richard_Penniman_0001.jpg
lfw_nonmatch_054,lfw_eval,non-match,C:\Users\vasil\Thesis-project\thesis-explainable-face-verification\data\lfw\lfw-deepfunneled\lfw-deepfunneled\Anne_McLellan\Anne_McLellan_0002.jpg,C:\Users\vasil\Thesis-project\thesis-explainable-face-verification\data\lfw\lfw-deepfunneled\lfw-deepfunneled\Roman_Tam\Roman_Tam_0001.jpg
lfw_nonmatch_055,lfw_eval,non-match,C:\Users\vasil\Thesis-project\thesis-explainable-face-verification\data\lfw\lfw-deepfunneled\lfw-deepfunneled\Annette_Lu\Annette_Lu_0001.jpg,C:\Users\vasil\Thesis-project\thesis-explainable-face-verification\data\lfw\lfw-deepfunneled\lfw-deepfunneled\Scott_Fawell\Scott_Fawell_0001.jpg
lfw_nonmatch_056,lfw_eval,non-match,C:\Users\vasil\Thesis-project\thesis-explainable-face-verification\data\lfw\lfw-deepfunneled\lfw-deepfunneled\Annette_Lu\Annette_Lu_0001.jpg,C:\Users\vasil\Thesis-project\thesis-explainable-face-verification\data\lfw\lfw-deepfunneled\lfw-deepfunneled\Svetlana_Belousova\Svetlana_Belousova_0001.jpg
lfw_nonmatch_057,lfw_eval,non-match,C:\Users\vasil\Thesis-project\thesis-explainable-face-verification\data\lfw\lfw-deepfunneled\lfw-deepfunneled\Annie_Chaplin\Annie_Chaplin_0001.jpg,C:\Users\vasil\Thesis-project\thesis-explainable-face-verification\data\lfw\lfw-deepfunneled\lfw-deepfunneled\Gloria_Gaynor\Gloria_Gaynor_0001.jpg
lfw_nonmatch_058,lfw_eval,non-match,C:\Users\vasil\Thesis-project\thesis-explainable-face-verification\data\lfw\lfw-deepfunneled\lfw-deepfunneled\Annie_Chaplin\Annie_Chaplin_0001.jpg,C:\Users\vasil\Thesis-project\thesis-explainable-face-verification\data\lfw\lfw-deepfunneled\lfw-deepfunneled\Ion_Tiriac\Ion_Tiriac_0001.jpg
lfw_nonmatch_059,lfw_eval,non-match,C:\Users\vasil\Thesis-project\thesis-explainable-face-verification\data\lfw\lfw-deepfunneled\lfw-deepfunneled\Annie_Chaplin\Annie_Chaplin_0001.jpg,C:\Users\vasil\Thesis-project\thesis-explainable-face-verification\data\lfw\lfw-deepfunneled\lfw-deepfunneled\Michael_Keaton\Michael_Keaton_0001.jpg
lfw_nonmatch_060,lfw_eval,non-match,C:\Users\vasil\Thesis-project\thesis-explainable-face-verification\data\lfw\lfw-deepfunneled\lfw-deepfunneled\Antonio_Palocci\Antonio_Palocci_0004.jpg,C:\Users\vasil\Thesis-project\thesis-explainable-face-verification\data\lfw\lfw-deepfunneled\lfw-deepfunneled\Donald_Regan\Donald_Regan_0001.jpg
lfw_nonmatch_061,lfw_eval,non-match,C:\Users\vasil\Thesis-project\thesis-explainable-face-verification\data\lfw\lfw-deepfunneled\lfw-deepfunneled\Aretha_Franklin\Aretha_Franklin_0001.jpg,C:\Users\vasil\Thesis-project\thesis-explainable-face-verification\data\lfw\lfw-deepfunneled\lfw-deepfunneled\Marc_Racicot\Marc_Racicot_0001.jpg
lfw_nonmatch_062,lfw_eval,non-match,C:\Users\vasil\Thesis-project\thesis-explainable-face-verification\data\lfw\lfw-deepfunneled\lfw-deepfunneled\Armando_Avila_Panchame\Armando_Avila_Panchame_0001.jpg,C:\Users\vasil\Thesis-project\thesis-explainable-face-verification\data\lfw\lfw-deepfunneled\lfw-deepfunneled\Hamza_Atiya_Muhsen\Hamza_Atiya_Muhsen_0001.jpg
lfw_nonmatch_063,lfw_eval,non-match,C:\Users\vasil\Thesis-project\thesis-explainable-face-verification\data\lfw\lfw-deepfunneled\lfw-deepfunneled\Armando_Avila_Panchame\Armando_Avila_Panchame_0001.jpg,C:\Users\vasil\Thesis-project\thesis-explainable-face-verification\data\lfw\lfw-deepfunneled\lfw-deepfunneled\Hana_Urushima\Hana_Urushima_0001.jpg
lfw_nonmatch_064,lfw_eval,non-match,C:\Users\vasil\Thesis-project\thesis-explainable-face-verification\data\lfw\lfw-deepfunneled\lfw-deepfunneled\Arthur_Johnson\Arthur_Johnson_0001.jpg,C:\Users\vasil\Thesis-project\thesis-explainable-face-verification\data\lfw\lfw-deepfunneled\lfw-deepfunneled\Steve_Pagliuca\Steve_Pagliuca_0001.jpg
lfw_nonmatch_065,lfw_eval,non-match,C:\Users\vasil\Thesis-project\thesis-explainable-face-verification\data\lfw\lfw-deepfunneled\lfw-deepfunneled\Ascencion_Barajas\Ascencion_Barajas_0001.jpg,C:\Users\vasil\Thesis-project\thesis-explainable-face-verification\data\lfw\lfw-deepfunneled\lfw-deepfunneled\Marissa_Jaret_Winokur\Marissa_Jaret_Winokur_0002.jpg
lfw_nonmatch_066,lfw_eval,non-match,C:\Users\vasil\Thesis-project\thesis-explainable-face-verification\data\lfw\lfw-deepfunneled\lfw-deepfunneled\Ashlea_Talbot\Ashlea_Talbot_0001.jpg,C:\Users\vasil\Thesis-project\thesis-explainable-face-verification\data\lfw\lfw-deepfunneled\lfw-deepfunneled\Sean_Patrick_Thomas\Sean_Patrick_Thomas_0001.jpg
lfw_nonmatch_067,lfw_eval,non-match,C:\Users\vasil\Thesis-project\thesis-explainable-face-verification\data\lfw\lfw-deepfunneled\lfw-deepfunneled\Ashley_Judd\Ashley_Judd_0001.jpg,C:\Users\vasil\Thesis-project\thesis-explainable-face-verification\data\lfw\lfw-deepfunneled\lfw-deepfunneled\Pat_Burns\Pat_Burns_0001.jpg
lfw_nonmatch_068,lfw_eval,non-match,C:\Users\vasil\Thesis-project\thesis-explainable-face-verification\data\lfw\lfw-deepfunneled\lfw-deepfunneled\Asif_Ali_Zardari\Asif_Ali_Zardari_0001.jpg,C:\Users\vasil\Thesis-project\thesis-explainable-face-verification\data\lfw\lfw-deepfunneled\lfw-deepfunneled\Cristina_Torrens_Valero\Cristina_Torrens_Valero_0001.jpg
lfw_nonmatch_069,lfw_eval,non-match,C:\Users\vasil\Thesis-project\thesis-explainable-face-verification\data\lfw\lfw-deepfunneled\lfw-deepfunneled\Assad_Ahmadi\Assad_Ahmadi_0001.jpg,C:\Users\vasil\Thesis-project\thesis-explainable-face-verification\data\lfw\lfw-deepfunneled\lfw-deepfunneled\Jose_Cevallos\Jose_Cevallos_0001.jpg
lfw_nonmatch_070,lfw_eval,non-match,C:\Users\vasil\Thesis-project\thesis-explainable-face-verification\data\lfw\lfw-deepfunneled\lfw-deepfunneled\Astou_Ndiaye-Diatta\Astou_Ndiaye-Diatta_0001.jpg,C:\Users\vasil\Thesis-project\thesis-explainable-face-verification\data\lfw\lfw-deepfunneled\lfw-deepfunneled\Scott_Yates\Scott_Yates_0001.jpg
lfw_nonmatch_071,lfw_eval,non-match,C:\Users\vasil\Thesis-project\thesis-explainable-face-verification\data\lfw\lfw-deepfunneled\lfw-deepfunneled\Augustin_Calleri\Augustin_Calleri_0004.jpg,C:\Users\vasil\Thesis-project\thesis-explainable-face-verification\data\lfw\lfw-deepfunneled\lfw-deepfunneled\Brad_Miller\Brad_Miller_0001.jpg
lfw_nonmatch_072,lfw_eval,non-match,C:\Users\vasil\Thesis-project\thesis-explainable-face-verification\data\lfw\lfw-deepfunneled\lfw-deepfunneled\Augustin_Calleri\Augustin_Calleri_0004.jpg,C:\Users\vasil\Thesis-project\thesis-explainable-face-verification\data\lfw\lfw-deepfunneled\lfw-deepfunneled\John_Jones\John_Jones_0001.jpg
lfw_nonmatch_073,lfw_eval,non-match,C:\Users\vasil\Thesis-project\thesis-explainable-face-verification\data\lfw\lfw-deepfunneled\lfw-deepfunneled\Babe_Ruth\Babe_Ruth_0001.jpg,C:\Users\vasil\Thesis-project\thesis-explainable-face-verification\data\lfw\lfw-deepfunneled\lfw-deepfunneled\Joshua_Perper\Joshua_Perper_0001.jpg
lfw_nonmatch_074,lfw_eval,non-match,C:\Users\vasil\Thesis-project\thesis-explainable-face-verification\data\lfw\lfw-deepfunneled\lfw-deepfunneled\Barbara_Bach\Barbara_Bach_0001.jpg,C:\Users\vasil\Thesis-project\thesis-explainable-face-verification\data\lfw\lfw-deepfunneled\lfw-deepfunneled\Eli_Rosenbaum\Eli_Rosenbaum_0001.jpg
lfw_nonmatch_075,lfw_eval,non-match,C:\Users\vasil\Thesis-project\thesis-explainable-face-verification\data\lfw\lfw-deepfunneled\lfw-deepfunneled\Barbara_Becker\Barbara_Becker_0001.jpg,C:\Users\vasil\Thesis-project\thesis-explainable-face-verification\data\lfw\lfw-deepfunneled\lfw-deepfunneled\Gerhard_Boekel\Gerhard_Boekel_0001.jpg
lfw_nonmatch_076,lfw_eval,non-match,C:\Users\vasil\Thesis-project\thesis-explainable-face-verification\data\lfw\lfw-deepfunneled\lfw-deepfunneled\Barbara_Roberts\Barbara_Roberts_0001.jpg,C:\Users\vasil\Thesis-project\thesis-explainable-face-verification\data\lfw\lfw-deepfunneled\lfw-deepfunneled\Kirsten_Clark\Kirsten_Clark_0001.jpg
lfw_nonmatch_077,lfw_eval,non-match,C:\Users\vasil\Thesis-project\thesis-explainable-face-verification\data\lfw\lfw-deepfunneled\lfw-deepfunneled\Barry_Williams\Barry_Williams_0001.jpg,C:\Users\vasil\Thesis-project\thesis-explainable-face-verification\data\lfw\lfw-deepfunneled\lfw-deepfunneled\Richard_Langille\Richard_Langille_0001.jpg
lfw_nonmatch_078,lfw_eval,non-match,C:\Users\vasil\Thesis-project\thesis-explainable-face-verification\data\lfw\lfw-deepfunneled\lfw-deepfunneled\Barzan_al-Tikriti\Barzan_al-Tikriti_0001.jpg,C:\Users\vasil\Thesis-project\thesis-explainable-face-verification\data\lfw\lfw-deepfunneled\lfw-deepfunneled\Jim_Haslett\Jim_Haslett_0001.jpg
lfw_nonmatch_079,lfw_eval,non-match,C:\Users\vasil\Thesis-project\thesis-explainable-face-verification\data\lfw\lfw-deepfunneled\lfw-deepfunneled\Beecher_Ray_Kirby\Beecher_Ray_Kirby_0001.jpg,C:\Users\vasil\Thesis-project\thesis-explainable-face-verification\data\lfw\lfw-deepfunneled\lfw-deepfunneled\Hashan_Tillakaratne\Hashan_Tillakaratne_0001.jpg
lfw_nonmatch_080,lfw_eval,non-match,C:\Users\vasil\Thesis-project\thesis-explainable-face-verification\data\lfw\lfw-deepfunneled\lfw-deepfunneled\Begum_Khaleda_Zia\Begum_Khaleda_Zia_0001.jpg,C:\Users\vasil\Thesis-project\thesis-explainable-face-verification\data\lfw\lfw-deepfunneled\lfw-deepfunneled\Jesse_Jackson\Jesse_Jackson_0005.jpg
lfw_nonmatch_081,lfw_eval,non-match,C:\Users\vasil\Thesis-project\thesis-explainable-face-verification\data\lfw\lfw-deepfunneled\lfw-deepfunneled\Ben_Cohen\Ben_Cohen_0001.jpg,C:\Users\vasil\Thesis-project\thesis-explainable-face-verification\data\lfw\lfw-deepfunneled\lfw-deepfunneled\Roger_Etchegaray\Roger_Etchegaray_0001.jpg
lfw_nonmatch_082,lfw_eval,non-match,C:\Users\vasil\Thesis-project\thesis-explainable-face-verification\data\lfw\lfw-deepfunneled\lfw-deepfunneled\Ben_Cohen\Ben_Cohen_0001.jpg,C:\Users\vasil\Thesis-project\thesis-explainable-face-verification\data\lfw\lfw-deepfunneled\lfw-deepfunneled\Zach_Parise\Zach_Parise_0001.jpg
lfw_nonmatch_083,lfw_eval,non-match,C:\Users\vasil\Thesis-project\thesis-explainable-face-verification\data\lfw\lfw-deepfunneled\lfw-deepfunneled\Benjamin_McKenzie\Benjamin_McKenzie_0001.jpg,C:\Users\vasil\Thesis-project\thesis-explainable-face-verification\data\lfw\lfw-deepfunneled\lfw-deepfunneled\Lisa_Leslie\Lisa_Leslie_0001.jpg
lfw_nonmatch_084,lfw_eval,non-match,C:\Users\vasil\Thesis-project\thesis-explainable-face-verification\data\lfw\lfw-deepfunneled\lfw-deepfunneled\Betsy_Coffin\Betsy_Coffin_0001.jpg,C:\Users\vasil\Thesis-project\thesis-explainable-face-verification\data\lfw\lfw-deepfunneled\lfw-deepfunneled\Gerard_Tronche\Gerard_Tronche_0001.jpg
lfw_nonmatch_085,lfw_eval,non-match,C:\Users\vasil\Thesis-project\thesis-explainable-face-verification\data\lfw\lfw-deepfunneled\lfw-deepfunneled\Bill_Carmody\Bill_Carmody_0001.jpg,C:\Users\vasil\Thesis-project\thesis-explainable-face-verification\data\lfw\lfw-deepfunneled\lfw-deepfunneled\Michael_Sheehan\Michael_Sheehan_0001.jpg
lfw_nonmatch_086,lfw_eval,non-match,C:\Users\vasil\Thesis-project\thesis-explainable-face-verification\data\lfw\lfw-deepfunneled\lfw-deepfunneled\Bill_Carmody\Bill_Carmody_0001.jpg,C:\Users\vasil\Thesis-project\thesis-explainable-face-verification\data\lfw\lfw-deepfunneled\lfw-deepfunneled\Tippi_Hedren\Tippi_Hedren_0001.jpg
lfw_nonmatch_087,lfw_eval,non-match,C:\Users\vasil\Thesis-project\thesis-explainable-face-verification\data\lfw\lfw-deepfunneled\lfw-deepfunneled\Bill_Curry\Bill_Curry_0001.jpg,C:\Users\vasil\Thesis-project\thesis-explainable-face-verification\data\lfw\lfw-deepfunneled\lfw-deepfunneled\Candice_Bergen\Candice_Bergen_0001.jpg
lfw_nonmatch_088,lfw_eval,non-match,C:\Users\vasil\Thesis-project\thesis-explainable-face-verification\data\lfw\lfw-deepfunneled\lfw-deepfunneled\Bill_Frist\Bill_Frist_0002.jpg,C:\Users\vasil\Thesis-project\thesis-explainable-face-verification\data\lfw\lfw-deepfunneled\lfw-deepfunneled\Malcolm_Wild\Malcolm_Wild_0001.jpg
lfw_nonmatch_089,lfw_eval,non-match,C:\Users\vasil\Thesis-project\thesis-explainable-face-verification\data\lfw\lfw-deepfunneled\lfw-deepfunneled\Bill_Frist\Bill_Frist_0004.jpg,C:\Users\vasil\Thesis-project\thesis-explainable-face-verification\data\lfw\lfw-deepfunneled\lfw-deepfunneled\Donald_Pettit\Donald_Pettit_0002.jpg
lfw_nonmatch_090,lfw_eval,non-match,C:\Users\vasil\Thesis-project\thesis-explainable-face-verification\data\lfw\lfw-deepfunneled\lfw-deepfunneled\Bill_Kollar\Bill_Kollar_0001.jpg,C:\Users\vasil\Thesis-project\thesis-explainable-face-verification\data\lfw\lfw-deepfunneled\lfw-deepfunneled\Phillip_Seymor_Hoffmann\Phillip_Seymor_Hoffmann_0001.jpg
lfw_nonmatch_091,lfw_eval,non-match,C:\Users\vasil\Thesis-project\thesis-explainable-face-verification\data\lfw\lfw-deepfunneled\lfw-deepfunneled\Bill_McBride\Bill_McBride_0008.jpg,C:\Users\vasil\Thesis-project\thesis-explainable-face-verification\data\lfw\lfw-deepfunneled\lfw-deepfunneled\John_Rowland\John_Rowland_0001.jpg
lfw_nonmatch_092,lfw_eval,non-match,C:\Users\vasil\Thesis-project\thesis-explainable-face-verification\data\lfw\lfw-deepfunneled\lfw-deepfunneled\Bill_Sizemore\Bill_Sizemore_0001.jpg,C:\Users\vasil\Thesis-project\thesis-explainable-face-verification\data\lfw\lfw-deepfunneled\lfw-deepfunneled\Calista_Flockhart\Calista_Flockhart_0003.jpg
lfw_nonmatch_093,lfw_eval,non-match,C:\Users\vasil\Thesis-project\thesis-explainable-face-verification\data\lfw\lfw-deepfunneled\lfw-deepfunneled\Billy_Boyd\Billy_Boyd_0001.jpg,C:\Users\vasil\Thesis-project\thesis-explainable-face-verification\data\lfw\lfw-deepfunneled\lfw-deepfunneled\Liza_Minnelli\Liza_Minnelli_0003.jpg
lfw_nonmatch_094,lfw_eval,non-match,C:\Users\vasil\Thesis-project\thesis-explainable-face-verification\data\lfw\lfw-deepfunneled\lfw-deepfunneled\Billy_Boyd\Billy_Boyd_0001.jpg,C:\Users\vasil\Thesis-project\thesis-explainable-face-verification\data\lfw\lfw-deepfunneled\lfw-deepfunneled\Robin_Williams\Robin_Williams_0001.jpg
lfw_nonmatch_095,lfw_eval,non-match,C:\Users\vasil\Thesis-project\thesis-explainable-face-verification\data\lfw\lfw-deepfunneled\lfw-deepfunneled\Bing_Crosby\Bing_Crosby_0001.jpg,C:\Users\vasil\Thesis-project\thesis-explainable-face-verification\data\lfw\lfw-deepfunneled\lfw-deepfunneled\Eric_Bana\Eric_Bana_0001.jpg
lfw_nonmatch_096,lfw_eval,non-match,C:\Users\vasil\Thesis-project\thesis-explainable-face-verification\data\lfw\lfw-deepfunneled\lfw-deepfunneled\Bing_Crosby\Bing_Crosby_0001.jpg,C:\Users\vasil\Thesis-project\thesis-explainable-face-verification\data\lfw\lfw-deepfunneled\lfw-deepfunneled\John_Moxley\John_Moxley_0001.jpg
lfw_nonmatch_097,lfw_eval,non-match,C:\Users\vasil\Thesis-project\thesis-explainable-face-verification\data\lfw\lfw-deepfunneled\lfw-deepfunneled\Bing_Crosby\Bing_Crosby_0001.jpg,C:\Users\vasil\Thesis-project\thesis-explainable-face-verification\data\lfw\lfw-deepfunneled\lfw-deepfunneled\Leonid_Kuchma\Leonid_Kuchma_0005.jpg
lfw_nonmatch_098,lfw_eval,non-match,C:\Users\vasil\Thesis-project\thesis-explainable-face-verification\data\lfw\lfw-deepfunneled\lfw-deepfunneled\Bob_Iger\Bob_Iger_0001.jpg,C:\Users\vasil\Thesis-project\thesis-explainable-face-verification\data\lfw\lfw-deepfunneled\lfw-deepfunneled\Brian_Cowen\Brian_Cowen_0001.jpg
lfw_nonmatch_099,lfw_eval,non-match,C:\Users\vasil\Thesis-project\thesis-explainable-face-verification\data\lfw\lfw-deepfunneled\lfw-deepfunneled\Bob_Iger\Bob_Iger_0001.jpg,C:\Users\vasil\Thesis-project\thesis-explainable-face-verification\data\lfw\lfw-deepfunneled\lfw-deepfunneled\Steve_Lavin\Steve_Lavin_0006.jpg
lfw_nonmatch_100,lfw_eval,non-match,C:\Users\vasil\Thesis-project\thesis-explainable-face-verification\data\lfw\lfw-deepfunneled\lfw-deepfunneled\Bob_Newhart\Bob_Newhart_0001.jpg,C:\Users\vasil\Thesis-project\thesis-explainable-face-verification\data\lfw\lfw-deepfunneled\lfw-deepfunneled\Marina_Canetti\Marina_Canetti_0001.jpg
lfw_nonmatch_101,lfw_eval,non-match,C:\Users\vasil\Thesis-project\thesis-explainable-face-verification\data\lfw\lfw-deepfunneled\lfw-deepfunneled\Bob_Riley\Bob_Riley_0001.jpg,C:\Users\vasil\Thesis-project\thesis-explainable-face-verification\data\lfw\lfw-deepfunneled\lfw-deepfunneled\Jim_Harrick\Jim_Harrick_0001.jpg
lfw_nonmatch_102,lfw_eval,non-match,C:\Users\vasil\Thesis-project\thesis-explainable-face-verification\data\lfw\lfw-deepfunneled\lfw-deepfunneled\Bono\Bono_0001.jpg,C:\Users\vasil\Thesis-project\thesis-explainable-face-verification\data\lfw\lfw-deepfunneled\lfw-deepfunneled\Chen_Shui-bian\Chen_Shui-bian_0002.jpg
lfw_nonmatch_103,lfw_eval,non-match,C:\Users\vasil\Thesis-project\thesis-explainable-face-verification\data\lfw\lfw-deepfunneled\lfw-deepfunneled\Bono\Bono_0002.jpg,C:\Users\vasil\Thesis-project\thesis-explainable-face-verification\data\lfw\lfw-deepfunneled\lfw-deepfunneled\Se_Hyuk_Joo\Se_Hyuk_Joo_0001.jpg
lfw_nonmatch_104,lfw_eval,non-match,C:\Users\vasil\Thesis-project\thesis-explainable-face-verification\data\lfw\lfw-deepfunneled\lfw-deepfunneled\Brad_Miller\Brad_Miller_0001.jpg,C:\Users\vasil\Thesis-project\thesis-explainable-face-verification\data\lfw\lfw-deepfunneled\lfw-deepfunneled\Chris_Noth\Chris_Noth_0001.jpg
lfw_nonmatch_105,lfw_eval,non-match,C:\Users\vasil\Thesis-project\thesis-explainable-face-verification\data\lfw\lfw-deepfunneled\lfw-deepfunneled\Brandon_Larson\Brandon_Larson_0001.jpg,C:\Users\vasil\Thesis-project\thesis-explainable-face-verification\data\lfw\lfw-deepfunneled\lfw-deepfunneled\James_Williams\James_Williams_0001.jpg
lfw_nonmatch_106,lfw_eval,non-match,C:\Users\vasil\Thesis-project\thesis-explainable-face-verification\data\lfw\lfw-deepfunneled\lfw-deepfunneled\Brandon_Lloyd\Brandon_Lloyd_0001.jpg,C:\Users\vasil\Thesis-project\thesis-explainable-face-verification\data\lfw\lfw-deepfunneled\lfw-deepfunneled\Zach_Parise\Zach_Parise_0001.jpg
lfw_nonmatch_107,lfw_eval,non-match,C:\Users\vasil\Thesis-project\thesis-explainable-face-verification\data\lfw\lfw-deepfunneled\lfw-deepfunneled\Brandon_Robinson\Brandon_Robinson_0001.jpg,C:\Users\vasil\Thesis-project\thesis-explainable-face-verification\data\lfw\lfw-deepfunneled\lfw-deepfunneled\Mitchell_Garabedian\Mitchell_Garabedian_0001.jpg
lfw_nonmatch_108,lfw_eval,non-match,C:\Users\vasil\Thesis-project\thesis-explainable-face-verification\data\lfw\lfw-deepfunneled\lfw-deepfunneled\Brandon_Webb\Brandon_Webb_0001.jpg,C:\Users\vasil\Thesis-project\thesis-explainable-face-verification\data\lfw\lfw-deepfunneled\lfw-deepfunneled\Teddy_Kollek\Teddy_Kollek_0001.jpg
lfw_nonmatch_109,lfw_eval,non-match,C:\Users\vasil\Thesis-project\thesis-explainable-face-verification\data\lfw\lfw-deepfunneled\lfw-deepfunneled\Brian_Cowen\Brian_Cowen_0002.jpg,C:\Users\vasil\Thesis-project\thesis-explainable-face-verification\data\lfw\lfw-deepfunneled\lfw-deepfunneled\Dave_Johnson\Dave_Johnson_0001.jpg
lfw_nonmatch_110,lfw_eval,non-match,C:\Users\vasil\Thesis-project\thesis-explainable-face-verification\data\lfw\lfw-deepfunneled\lfw-deepfunneled\Brian_Griese\Brian_Griese_0001.jpg,C:\Users\vasil\Thesis-project\thesis-explainable-face-verification\data\lfw\lfw-deepfunneled\lfw-deepfunneled\Jennie_Garth\Jennie_Garth_0001.jpg
lfw_nonmatch_111,lfw_eval,non-match,C:\Users\vasil\Thesis-project\thesis-explainable-face-verification\data\lfw\lfw-deepfunneled\lfw-deepfunneled\Brock_Berlin\Brock_Berlin_0001.jpg,C:\Users\vasil\Thesis-project\thesis-explainable-face-verification\data\lfw\lfw-deepfunneled\lfw-deepfunneled\Wendy_Selig\Wendy_Selig_0001.jpg
lfw_nonmatch_112,lfw_eval,non-match,C:\Users\vasil\Thesis-project\thesis-explainable-face-verification\data\lfw\lfw-deepfunneled\lfw-deepfunneled\Brooke_Adams\Brooke_Adams_0001.jpg,C:\Users\vasil\Thesis-project\thesis-explainable-face-verification\data\lfw\lfw-deepfunneled\lfw-deepfunneled\Gilberto_Rodriguez_Orejuela\Gilberto_Rodriguez_Orejuela_0002.jpg
lfw_nonmatch_113,lfw_eval,non-match,C:\Users\vasil\Thesis-project\thesis-explainable-face-verification\data\lfw\lfw-deepfunneled\lfw-deepfunneled\Brooke_Adams\Brooke_Adams_0001.jpg,C:\Users\vasil\Thesis-project\thesis-explainable-face-verification\data\lfw\lfw-deepfunneled\lfw-deepfunneled\Hussam_Mohammed_Amin\Hussam_Mohammed_Amin_0001.jpg
lfw_nonmatch_114,lfw_eval,non-match,C:\Users\vasil\Thesis-project\thesis-explainable-face-verification\data\lfw\lfw-deepfunneled\lfw-deepfunneled\Bruce_Willis\Bruce_Willis_0001.jpg,C:\Users\vasil\Thesis-project\thesis-explainable-face-verification\data\lfw\lfw-deepfunneled\lfw-deepfunneled\Heather_Mills\Heather_Mills_0002.jpg
lfw_nonmatch_115,lfw_eval,non-match,C:\Users\vasil\Thesis-project\thesis-explainable-face-verification\data\lfw\lfw-deepfunneled\lfw-deepfunneled\Buddy_Ryan\Buddy_Ryan_0001.jpg,C:\Users\vasil\Thesis-project\thesis-explainable-face-verification\data\lfw\lfw-deepfunneled\lfw-deepfunneled\Laurel_Clark\Laurel_Clark_0001.jpg
lfw_nonmatch_116,lfw_eval,non-match,C:\Users\vasil\Thesis-project\thesis-explainable-face-verification\data\lfw\lfw-deepfunneled\lfw-deepfunneled\Buddy_Ryan\Buddy_Ryan_0001.jpg,C:\Users\vasil\Thesis-project\thesis-explainable-face-verification\data\lfw\lfw-deepfunneled\lfw-deepfunneled\Roy_Romanow\Roy_Romanow_0001.jpg
lfw_nonmatch_117,lfw_eval,non-match,C:\Users\vasil\Thesis-project\thesis-explainable-face-verification\data\lfw\lfw-deepfunneled\lfw-deepfunneled\Calvin_Joseph_Coleman\Calvin_Joseph_Coleman_0001.jpg,C:\Users\vasil\Thesis-project\thesis-explainable-face-verification\data\lfw\lfw-deepfunneled\lfw-deepfunneled\Ekaterina_Dmitriev\Ekaterina_Dmitriev_0001.jpg
lfw_nonmatch_118,lfw_eval,non-match,C:\Users\vasil\Thesis-project\thesis-explainable-face-verification\data\lfw\lfw-deepfunneled\lfw-deepfunneled\Calvin_Joseph_Coleman\Calvin_Joseph_Coleman_0001.jpg,C:\Users\vasil\Thesis-project\thesis-explainable-face-verification\data\lfw\lfw-deepfunneled\lfw-deepfunneled\Victor_Garber\Victor_Garber_0001.jpg
lfw_nonmatch_119,lfw_eval,non-match,C:\Users\vasil\Thesis-project\thesis-explainable-face-verification\data\lfw\lfw-deepfunneled\lfw-deepfunneled\Camilla_Parker_Bowles\Camilla_Parker_Bowles_0002.jpg,C:\Users\vasil\Thesis-project\thesis-explainable-face-verification\data\lfw\lfw-deepfunneled\lfw-deepfunneled\Mary_Matalin\Mary_Matalin_0001.jpg
lfw_nonmatch_120,lfw_eval,non-match,C:\Users\vasil\Thesis-project\thesis-explainable-face-verification\data\lfw\lfw-deepfunneled\lfw-deepfunneled\Camille_Lewis\Camille_Lewis_0001.jpg,C:\Users\vasil\Thesis-project\thesis-explainable-face-verification\data\lfw\lfw-deepfunneled\lfw-deepfunneled\Keith_Lockhart\Keith_Lockhart_0001.jpg
lfw_nonmatch_121,lfw_eval,non-match,C:\Users\vasil\Thesis-project\thesis-explainable-face-verification\data\lfw\lfw-deepfunneled\lfw-deepfunneled\Camille_Lewis\Camille_Lewis_0001.jpg,C:\Users\vasil\Thesis-project\thesis-explainable-face-verification\data\lfw\lfw-deepfunneled\lfw-deepfunneled\Melissa_Etheridge\Melissa_Etheridge_0001.jpg
lfw_nonmatch_122,lfw_eval,non-match,C:\Users\vasil\Thesis-project\thesis-explainable-face-verification\data\lfw\lfw-deepfunneled\lfw-deepfunneled\Candice_Bergen\Candice_Bergen_0001.jpg,C:\Users\vasil\Thesis-project\thesis-explainable-face-verification\data\lfw\lfw-deepfunneled\lfw-deepfunneled\Masum_Turker\Masum_Turker_0002.jpg
lfw_nonmatch_123,lfw_eval,non-match,C:\Users\vasil\Thesis-project\thesis-explainable-face-verification\data\lfw\lfw-deepfunneled\lfw-deepfunneled\Candice_Bergen\Candice_Bergen_0002.jpg,C:\Users\vasil\Thesis-project\thesis-explainable-face-verification\data\lfw\lfw-deepfunneled\lfw-deepfunneled\Jake_Gyllenhaal\Jake_Gyllenhaal_0002.jpg
lfw_nonmatch_124,lfw_eval,non-match,C:\Users\vasil\Thesis-project\thesis-explainable-face-verification\data\lfw\lfw-deepfunneled\lfw-deepfunneled\Candice_Bergen\Candice_Bergen_0002.jpg,C:\Users\vasil\Thesis-project\thesis-explainable-face-verification\data\lfw\lfw-deepfunneled\lfw-deepfunneled\Prospero_Pichay\Prospero_Pichay_0001.jpg
lfw_nonmatch_125,lfw_eval,non-match,C:\Users\vasil\Thesis-project\thesis-explainable-face-verification\data\lfw\lfw-deepfunneled\lfw-deepfunneled\Carey_Lowell\Carey_Lowell_0001.jpg,C:\Users\vasil\Thesis-project\thesis-explainable-face-verification\data\lfw\lfw-deepfunneled\lfw-deepfunneled\Helio_Castroneves\Helio_Castroneves_0001.jpg
lfw_nonmatch_126,lfw_eval,non-match,C:\Users\vasil\Thesis-project\thesis-explainable-face-verification\data\lfw\lfw-deepfunneled\lfw-deepfunneled\Carey_Lowell\Carey_Lowell_0001.jpg,C:\Users\vasil\Thesis-project\thesis-explainable-face-verification\data\lfw\lfw-deepfunneled\lfw-deepfunneled\Joshua_Harapko\Joshua_Harapko_0001.jpg
lfw_nonmatch_127,lfw_eval,non-match,C:\Users\vasil\Thesis-project\thesis-explainable-face-verification\data\lfw\lfw-deepfunneled\lfw-deepfunneled\Carlo_Ancelotti\Carlo_Ancelotti_0001.jpg,C:\Users\vasil\Thesis-project\thesis-explainable-face-verification\data\lfw\lfw-deepfunneled\lfw-deepfunneled\Hugh_Miller\Hugh_Miller_0001.jpg
lfw_nonmatch_128,lfw_eval,non-match,C:\Users\vasil\Thesis-project\thesis-explainable-face-verification\data\lfw\lfw-deepfunneled\lfw-deepfunneled\Carlos_Beltran\Carlos_Beltran_0001.jpg,C:\Users\vasil\Thesis-project\thesis-explainable-face-verification\data\lfw\lfw-deepfunneled\lfw-deepfunneled\Shoshannah_Stern\Shoshannah_Stern_0001.jpg
lfw_nonmatch_129,lfw_eval,non-match,C:\Users\vasil\Thesis-project\thesis-explainable-face-verification\data\lfw\lfw-deepfunneled\lfw-deepfunneled\Carlos_Ghosn\Carlos_Ghosn_0001.jpg,C:\Users\vasil\Thesis-project\thesis-explainable-face-verification\data\lfw\lfw-deepfunneled\lfw-deepfunneled\Renee_Zellweger\Renee_Zellweger_0011.jpg
lfw_nonmatch_130,lfw_eval,non-match,C:\Users\vasil\Thesis-project\thesis-explainable-face-verification\data\lfw\lfw-deepfunneled\lfw-deepfunneled\Carlos_Iturgaitz\Carlos_Iturgaitz_0001.jpg,C:\Users\vasil\Thesis-project\thesis-explainable-face-verification\data\lfw\lfw-deepfunneled\lfw-deepfunneled\Francisco_Maturana\Francisco_Maturana_0001.jpg
lfw_nonmatch_131,lfw_eval,non-match,C:\Users\vasil\Thesis-project\thesis-explainable-face-verification\data\lfw\lfw-deepfunneled\lfw-deepfunneled\Carlos_Manuel_Pruneda\Carlos_Manuel_Pruneda_0001.jpg,C:\Users\vasil\Thesis-project\thesis-explainable-face-verification\data\lfw\lfw-deepfunneled\lfw-deepfunneled\Claudia_Coslovich\Claudia_Coslovich_0001.jpg
lfw_nonmatch_132,lfw_eval,non-match,C:\Users\vasil\Thesis-project\thesis-explainable-face-verification\data\lfw\lfw-deepfunneled\lfw-deepfunneled\Carly_Gullickson\Carly_Gullickson_0001.jpg,C:\Users\vasil\Thesis-project\thesis-explainable-face-verification\data\lfw\lfw-deepfunneled\lfw-deepfunneled\Mike_Helton\Mike_Helton_0002.jpg
lfw_nonmatch_133,lfw_eval,non-match,C:\Users\vasil\Thesis-project\thesis-explainable-face-verification\data\lfw\lfw-deepfunneled\lfw-deepfunneled\Caroline_Dhavernas\Caroline_Dhavernas_0001.jpg,C:\Users\vasil\Thesis-project\thesis-explainable-face-verification\data\lfw\lfw-deepfunneled\lfw-deepfunneled\James_Smith\James_Smith_0001.jpg
lfw_nonmatch_134,lfw_eval,non-match,C:\Users\vasil\Thesis-project\thesis-explainable-face-verification\data\lfw\lfw-deepfunneled\lfw-deepfunneled\Carrie-Anne_Moss\Carrie-Anne_Moss_0004.jpg,C:\Users\vasil\Thesis-project\thesis-explainable-face-verification\data\lfw\lfw-deepfunneled\lfw-deepfunneled\Mike_Richter\Mike_Richter_0001.jpg
lfw_nonmatch_135,lfw_eval,non-match,C:\Users\vasil\Thesis-project\thesis-explainable-face-verification\data\lfw\lfw-deepfunneled\lfw-deepfunneled\Carson_Daly\Carson_Daly_0001.jpg,C:\Users\vasil\Thesis-project\thesis-explainable-face-verification\data\lfw\lfw-deepfunneled\lfw-deepfunneled\Matthew_During\Matthew_During_0001.jpg
lfw_nonmatch_136,lfw_eval,non-match,C:\Users\vasil\Thesis-project\thesis-explainable-face-verification\data\lfw\lfw-deepfunneled\lfw-deepfunneled\Casey_Crowder\Casey_Crowder_0001.jpg,C:\Users\vasil\Thesis-project\thesis-explainable-face-verification\data\lfw\lfw-deepfunneled\lfw-deepfunneled\Joe_Nichols\Joe_Nichols_0001.jpg
lfw_nonmatch_137,lfw_eval,non-match,C:\Users\vasil\Thesis-project\thesis-explainable-face-verification\data\lfw\lfw-deepfunneled\lfw-deepfunneled\Casey_Crowder\Casey_Crowder_0001.jpg,C:\Users\vasil\Thesis-project\thesis-explainable-face-verification\data\lfw\lfw-deepfunneled\lfw-deepfunneled\Laszlo_Kovacs\Laszlo_Kovacs_0001.jpg
lfw_nonmatch_138,lfw_eval,non-match,C:\Users\vasil\Thesis-project\thesis-explainable-face-verification\data\lfw\lfw-deepfunneled\lfw-deepfunneled\Cecilia_Chang\Cecilia_Chang_0001.jpg,C:\Users\vasil\Thesis-project\thesis-explainable-face-verification\data\lfw\lfw-deepfunneled\lfw-deepfunneled\Jeffery_Hendren\Jeffery_Hendren_0001.jpg
lfw_nonmatch_139,lfw_eval,non-match,C:\Users\vasil\Thesis-project\thesis-explainable-face-verification\data\lfw\lfw-deepfunneled\lfw-deepfunneled\Cecilia_Cheung\Cecilia_Cheung_0001.jpg,C:\Users\vasil\Thesis-project\thesis-explainable-face-verification\data\lfw\lfw-deepfunneled\lfw-deepfunneled\Kirsten_Clark\Kirsten_Clark_0001.jpg
lfw_nonmatch_140,lfw_eval,non-match,C:\Users\vasil\Thesis-project\thesis-explainable-face-verification\data\lfw\lfw-deepfunneled\lfw-deepfunneled\Cecilia_Cheung\Cecilia_Cheung_0001.jpg,C:\Users\vasil\Thesis-project\thesis-explainable-face-verification\data\lfw\lfw-deepfunneled\lfw-deepfunneled\Simon_Chalk\Simon_Chalk_0001.jpg
lfw_nonmatch_141,lfw_eval,non-match,C:\Users\vasil\Thesis-project\thesis-explainable-face-verification\data\lfw\lfw-deepfunneled\lfw-deepfunneled\Cedric_Benson\Cedric_Benson_0001.jpg,C:\Users\vasil\Thesis-project\thesis-explainable-face-verification\data\lfw\lfw-deepfunneled\lfw-deepfunneled\Greg_Hodge\Greg_Hodge_0001.jpg
lfw_nonmatch_142,lfw_eval,non-match,C:\Users\vasil\Thesis-project\thesis-explainable-face-verification\data\lfw\lfw-deepfunneled\lfw-deepfunneled\Cesar_Maia\Cesar_Maia_0002.jpg,C:\Users\vasil\Thesis-project\thesis-explainable-face-verification\data\lfw\lfw-deepfunneled\lfw-deepfunneled\Karin_Viard\Karin_Viard_0001.jpg
lfw_nonmatch_143,lfw_eval,non-match,C:\Users\vasil\Thesis-project\thesis-explainable-face-verification\data\lfw\lfw-deepfunneled\lfw-deepfunneled\Chang_Jae_On\Chang_Jae_On_0001.jpg,C:\Users\vasil\Thesis-project\thesis-explainable-face-verification\data\lfw\lfw-deepfunneled\lfw-deepfunneled\Oracene_Williams\Oracene_Williams_0001.jpg
lfw_nonmatch_144,lfw_eval,non-match,C:\Users\vasil\Thesis-project\thesis-explainable-face-verification\data\lfw\lfw-deepfunneled\lfw-deepfunneled\Chante_Jawan_Mallard\Chante_Jawan_Mallard_0001.jpg,C:\Users\vasil\Thesis-project\thesis-explainable-face-verification\data\lfw\lfw-deepfunneled\lfw-deepfunneled\Muhammad_Ali\Muhammad_Ali_0005.jpg
lfw_nonmatch_145,lfw_eval,non-match,C:\Users\vasil\Thesis-project\thesis-explainable-face-verification\data\lfw\lfw-deepfunneled\lfw-deepfunneled\Charla_Moye\Charla_Moye_0001.jpg,C:\Users\vasil\Thesis-project\thesis-explainable-face-verification\data\lfw\lfw-deepfunneled\lfw-deepfunneled\Joe_Mantegna\Joe_Mantegna_0001.jpg
lfw_nonmatch_146,lfw_eval,non-match,C:\Users\vasil\Thesis-project\thesis-explainable-face-verification\data\lfw\lfw-deepfunneled\lfw-deepfunneled\Charla_Moye\Charla_Moye_0001.jpg,C:\Users\vasil\Thesis-project\thesis-explainable-face-verification\data\lfw\lfw-deepfunneled\lfw-deepfunneled\Robert_Nillson\Robert_Nillson_0001.jpg
lfw_nonmatch_147,lfw_eval,non-match,C:\Users\vasil\Thesis-project\thesis-explainable-face-verification\data\lfw\lfw-deepfunneled\lfw-deepfunneled\Charles_Cope\Charles_Cope_0001.jpg,C:\Users\vasil\Thesis-project\thesis-explainable-face-verification\data\lfw\lfw-deepfunneled\lfw-deepfunneled\John_Franco\John_Franco_0001.jpg
lfw_nonmatch_148,lfw_eval,non-match,C:\Users\vasil\Thesis-project\thesis-explainable-face-verification\data\lfw\lfw-deepfunneled\lfw-deepfunneled\Charley_Armey\Charley_Armey_0001.jpg,C:\Users\vasil\Thesis-project\thesis-explainable-face-verification\data\lfw\lfw-deepfunneled\lfw-deepfunneled\Jose_Cevallos\Jose_Cevallos_0001.jpg
lfw_nonmatch_149,lfw_eval,non-match,C:\Users\vasil\Thesis-project\thesis-explainable-face-verification\data\lfw\lfw-deepfunneled\lfw-deepfunneled\Charlie_Sheen\Charlie_Sheen_0001.jpg,C:\Users\vasil\Thesis-project\thesis-explainable-face-verification\data\lfw\lfw-deepfunneled\lfw-deepfunneled\Deece_Eckstein\Deece_Eckstein_0001.jpg
lfw_nonmatch_150,lfw_eval,non-match,C:\Users\vasil\Thesis-project\thesis-explainable-face-verification\data\lfw\lfw-deepfunneled\lfw-deepfunneled\Charlie_Sheen\Charlie_Sheen_0001.jpg,C:\Users\vasil\Thesis-project\thesis-explainable-face-verification\data\lfw\lfw-deepfunneled\lfw-deepfunneled\Janice_Goldfinger\Janice_Goldfinger_0001.jpg
